232,Alice,Adams,aadams6f@arstechnica.com,0682 Ronald Regan Hill,New York,NY,10032,3-(994)855-8572,12
426,Shirley,Adams,sadamsbt@irs.gov,335 Spohn Lane,New York,NY,10031,5-(951)767-2548,12
541,Tammy,Adams,tadamsf0@google.co.uk,85327 Village Plaza,New York,NY,10031,3-(349)417-4524,5
600,Jacqueline,Adams,jadamsgn@army.mil,613 Loftsgordon Lane,New York,NY,10033,1-(819)256-6059,K
698,Mildred,Adams,madamsjd@mozilla.org,0 Rigney Circle,New York,NY,10031,8-(012)405-6818,1
6,Chris,Alexander,calexander5@ameblo.jp,6 Redwing Road,New York,NY,10031,1-(962)386-5169,K
125,Jimmy,Alexander,jalexander3g@scribd.com,099 Lukken Alley,New York,NY,10031,0-(066)009-5512,5
300,Heather,Alexander,halexander8b@webeden.co.uk,831 Nelson Avenue,New York,NY,10031,1-(536)320-3938,8
441,Aaron,Alexander,aalexanderc8@hubpages.com,5210 Sunnyside Pass,New York,NY,10040,6-(200)177-8881,8
766,Elizabeth,Alexander,ealexanderl9@theatlantic.com,098 7th Crossing,New York,NY,10031,3-(172)919-1852,2
871,Craig,Alexander,calexandero6@webeden.co.uk,36 Cordelia Place,New York,NY,10040,4-(576)453-8363,1
10,Lawrence,Allen,lallen9@irs.gov,7507 Transport Circle,New York,NY,10033,5-(292)718-1378,2
623,Beverly,Allen,ballenha@irs.gov,97 Comanche Junction,New York,NY,10032,4-(763)364-3245,5
738,Nicole,Allen,nallenkh@fastcompany.com,93 Raven Plaza,New York,NY,10032,6-(523)305-2505,9
34,Anne,Alvarez,aalvarezx@liveinternet.ru,2 Del Mar Lane,New York,NY,10040,8-(861)654-5097,9
532,Louis,Alvarez,lalvarezer@1688.com,0448 Dryden Junction,New York,NY,10040,4-(210)483-8132,5
668,Jacqueline,Alvarez,jalvarezij@mozilla.org,18936 Glacier Hill Crossing,New York,NY,10032,5-(433)560-7507,3
758,Joshua,Alvarez,jalvarezl1@nsw.gov.au,066 Ohio Terrace,New York,NY,10033,4-(765)333-2076,4
87,Jeremy,Anderson,janderson2e@wikimedia.org,89 Burrows Way,New York,NY,10040,8-(219)218-9153,12
308,Jacqueline,Anderson,janderson8j@nba.com,760 1st Park,New York,NY,10032,7-(268)514-9852,4
346,Emily,Anderson,eanderson9l@upenn.edu,07836 Del Sol Way,New York,NY,10032,0-(007)223-3526,12
656,Denise,Anderson,dandersoni7@w3.org,9 Stuart Crossing,New York,NY,10033,5-(140)652-8168,5
172,Brandon,Andrews,bandrews4r@sbwire.com,68827 Eastlawn Circle,New York,NY,10040,1-(762)225-4912,3
149,Douglas,Armstrong,darmstrong44@mozilla.org,7377 Victoria Road,New York,NY,10040,9-(055)229-4508,4
759,Jean,Armstrong,jarmstrongl2@cafepress.com,30 Karstens Trail,New York,NY,10032,8-(662)994-5783,10
652,Laura,Arnold,larnoldi3@mysql.com,56357 North Park,New York,NY,10034,9-(316)867-9862,10
787,Julia,Arnold,jarnoldlu@trellian.com,57952 1st Circle,New York,NY,10032,1-(420)620-8978,9
68,Larry,Austin,laustin1v@nps.gov,082 Butterfield Parkway,New York,NY,10040,0-(784)050-2209,1
242,Rachel,Austin,raustin6p@e-recht24.de,6 Old Shore Street,New York,NY,10040,0-(831)046-3262,11
322,Louise,Austin,laustin8x@cbsnews.com,339 Dixon Alley,New York,NY,10032,1-(895)054-2763,5
198,Jacqueline,Bailey,jbailey5h@youtube.com,9539 Manufacturers Road,New York,NY,10034,7-(592)951-5829,1
384,Ashley,Bailey,abaileyan@dyndns.org,6319 Rutledge Point,New York,NY,10032,9-(802)171-4897,K
558,Joshua,Bailey,jbaileyfh@google.fr,86985 Fairfield Road,New York,NY,10040,5-(796)457-8867,11
309,Pamela,Baker,pbaker8k@miitbeian.gov.cn,202 John Wall Road,New York,NY,10032,2-(972)770-6757,9
362,Teresa,Baker,tbakera1@time.com,92674 Crownhardt Circle,New York,NY,10040,2-(852)971-1155,7
397,Paula,Baker,pbakerb0@yahoo.com,7 Hagan Court,New York,NY,10034,0-(036)404-6801,5
653,Albert,Baker,abakeri4@wikimedia.org,70 Bowman Center,New York,NY,10034,2-(244)428-1750,4
609,Diane,Banks,dbanksgw@youtu.be,06 Shelley Crossing,New York,NY,10032,6-(972)822-6989,3
661,Julia,Banks,jbanksic@vistaprint.com,97119 International Way,New York,NY,10034,5-(074)555-4244,K
165,Carlos,Barnes,cbarnes4k@yandex.ru,33 Bartelt Junction,New York,NY,10034,4-(091)784-8330,10
729,Keith,Barnes,kbarnesk8@shinystat.com,54827 Farmco Trail,New York,NY,10033,6-(534)149-1348,8
887,Anna,Barnes,abarnesom@dedecms.com,3 Upham Hill,New York,NY,10033,7-(411)625-1890,11
11,Benjamin,Bell,bbella@phoca.cz,347 Fieldstone Circle,New York,NY,10031,6-(684)786-8498,12
26,Joan,Bell,jbellp@gov.uk,0 Meadow Ridge Plaza,New York,NY,10032,8-(112)539-5624,K
157,John,Bell,jbell4c@simplemachines.org,093 Debra Trail,New York,NY,10032,8-(177)324-0259,8
211,Paula,Bell,pbell5u@phpbb.com,36 Canary Hill,New York,NY,10033,4-(695)476-0912,11
305,Patricia,Bell,pbell8g@technorati.com,69 Eliot Circle,New York,NY,10034,0-(915)583-6854,11
841,Peter,Bell,pbellnc@homestead.com,99492 Golden Leaf Park,New York,NY,10031,6-(723)162-3066,2
448,Ruby,Bennett,rbennettcf@boston.com,92485 Browning Alley,New York,NY,10031,4-(037)665-4423,9
801,Deborah,Bennett,dbennettm8@mediafire.com,5474 Eagle Crest Lane,New York,NY,10034,8-(592)035-3948,9
200,Joyce,Berry,jberry5j@tiny.cc,67 Continental Terrace,New York,NY,10040,5-(807)246-7513,7
267,Gerald,Berry,gberry7e@theatlantic.com,7806 Myrtle Point,New York,NY,10040,1-(834)218-7071,6
269,Chris,Berry,cberry7g@quantcast.com,6559 Bellgrove Avenue,New York,NY,10032,1-(441)568-8105,8
518,Laura,Berry,lberryed@mit.edu,95 Merry Parkway,New York,NY,10034,2-(980)226-7763,2
616,Michelle,Berry,mberryh3@seesaa.net,3 North Road,New York,NY,10033,1-(180)741-3332,2
791,Philip,Berry,pberryly@examiner.com,5849 Butternut Junction,New York,NY,10033,4-(920)872-4114,12
861,Denise,Berry,dberrynw@comsenz.com,43055 Tennessee Road,New York,NY,10032,2-(629)306-4408,11
893,Michael,Berry,mberryos@ycombinator.com,2 Dennis Street,New York,NY,10032,0-(624)902-5449,12
67,Howard,Bishop,hbishop1u@seesaa.net,1103 Carioca Hill,New York,NY,10033,0-(935)114-7742,5
143,Randy,Bishop,rbishop3y@thetimes.co.uk,8402 Grasskamp Terrace,New York,NY,10034,3-(493)899-4983,6
315,Wayne,Bishop,wbishop8q@yandex.ru,13 3rd Crossing,New York,NY,10031,2-(126)263-8204,4
321,Jacqueline,Bishop,jbishop8w@pinterest.com,2795 Canary Junction,New York,NY,10040,6-(800)057-0414,10
547,Chris,Bishop,cbishopf6@arstechnica.com,32050 Mayer Park,New York,NY,10033,6-(330)150-6396,6
608,Kevin,Bishop,kbishopgv@trellian.com,9733 Nova Trail,New York,NY,10040,8-(324)368-7176,9
235,William,Black,wblack6i@google.com,0612 Bluestem Street,New York,NY,10032,4-(727)575-6697,7
516,Philip,Black,pblackeb@newsvine.com,9374 Loomis Pass,New York,NY,10034,4-(684)957-1274,7
533,Todd,Black,tblackes@yahoo.co.jp,21 Red Cloud Avenue,New York,NY,10034,3-(983)105-0015,12
845,Billy,Black,bblackng@ca.gov,9973 Colorado Parkway,New York,NY,10040,5-(530)578-2830,2
864,Justin,Black,jblacknz@google.fr,7 Fulton Place,New York,NY,10033,2-(707)130-3977,4
134,Diana,Bowman,dbowman3p@sphinn.com,40272 Kropf Junction,New York,NY,10032,1-(916)412-5350,8
287,Peter,Bowman,pbowman7y@blogtalkradio.com,1945 Dovetail Center,New York,NY,10031,2-(364)698-2895,3
35,Mary,Boyd,mboydy@xing.com,99 Mallory Hill,New York,NY,10034,1-(134)835-3563,3
131,Evelyn,Boyd,eboyd3m@posterous.com,5 Mccormick Trail,New York,NY,10034,0-(576)491-2377,1
310,Fred,Boyd,fboyd8l@comsenz.com,3 Summer Ridge Junction,New York,NY,10033,8-(530)908-3976,10
494,Heather,Boyd,hboyddp@google.cn,637 Browning Pass,New York,NY,10031,0-(446)461-2587,K
501,Rose,Boyd,rboyddw@marketwatch.com,29 Stone Corner Terrace,New York,NY,10040,8-(179)569-9971,4
696,Joyce,Boyd,jboydjb@whitehouse.gov,37063 Prentice Court,New York,NY,10040,0-(765)691-7548,5
723,Scott,Boyd,sboydk2@si.edu,6 Commercial Drive,New York,NY,10032,5-(079)123-6187,1
7,Jerry,Bradley,jbradley6@flickr.com,6235 Independence Junction,New York,NY,10034,5-(860)898-8327,2
117,Peter,Bradley,pbradley38@phoca.cz,048 Farragut Terrace,New York,NY,10032,2-(295)278-9179,11
790,Martin,Bradley,mbradleylx@netscape.com,1 Hudson Way,New York,NY,10032,8-(332)978-6639,7
890,Martin,Bradley,mbradleyop@irs.gov,883 Springview Center,New York,NY,10040,4-(784)241-4446,9
268,Anne,Brooks,abrooks7f@google.pl,91791 Rockefeller Hill,New York,NY,10040,5-(675)174-4104,2
339,Wayne,Brooks,wbrooks9e@fastcompany.com,52 International Lane,New York,NY,10034,1-(863)991-7474,6
545,Andrew,Brooks,abrooksf4@nbcnews.com,6855 Schurz Junction,New York,NY,10034,7-(530)600-7960,11
566,Ernest,Brooks,ebrooksfp@eepurl.com,853 Scoville Way,New York,NY,10040,4-(908)818-5064,11
724,Cynthia,Brooks,cbrooksk3@shutterfly.com,469 Delladonna Alley,New York,NY,10031,0-(967)779-9190,10
773,Rebecca,Brooks,rbrookslg@adobe.com,980 Autumn Leaf Trail,New York,NY,10040,1-(512)860-8386,3
838,Sharon,Brooks,sbrooksn9@princeton.edu,59 Myrtle Pass,New York,NY,10040,1-(878)776-6480,12
337,Phyllis,Brown,pbrown9c@sourceforge.net,09360 Roth Terrace,New York,NY,10032,2-(179)034-3875,1
402,Maria,Brown,mbrownb5@netvibes.com,49 High Crossing Circle,New York,NY,10032,3-(377)190-7540,9
241,Earl,Bryant,ebryant6o@addthis.com,4 Tony Avenue,New York,NY,10032,2-(402)976-4402,4
421,Albert,Bryant,abryantbo@loc.gov,0 Sunfield Lane,New York,NY,10032,7-(099)750-9697,9
465,Brian,Bryant,bbryantcw@reference.com,844 Blue Bill Park Alley,New York,NY,10033,6-(159)470-3486,1
898,Victor,Burke,vburkeox@tiny.cc,7199 Walton Parkway,New York,NY,10031,7-(339)536-8217,7
114,Thomas,Burns,tburns35@time.com,7035 Bayside Crossing,New York,NY,10034,2-(463)997-8158,10
203,Ernest,Burns,eburns5m@smugmug.com,0908 Golf Course Court,New York,NY,10031,8-(098)378-4214,2
329,Raymond,Burton,rburton94@usatoday.com,9097 Pierstorff Parkway,New York,NY,10034,8-(969)112-4653,3
505,Philip,Burton,pburtone0@amazon.de,6972 Saint Paul Pass,New York,NY,10034,2-(693)150-3271,4
761,Rachel,Burton,rburtonl4@wp.com,7 Shopko Drive,New York,NY,10034,5-(519)931-3283,K
137,Steve,Butler,sbutler3s@foxnews.com,74324 Glacier Hill Plaza,New York,NY,10033,2-(760)247-7919,3
799,Nicholas,Butler,nbutlerm6@ed.gov,74 Gina Drive,New York,NY,10031,8-(690)601-5989,10
807,Diana,Butler,dbutlerme@google.pl,60780 Columbus Avenue,New York,NY,10033,9-(289)447-4074,3
39,Wanda,Campbell,wcampbell12@dedecms.com,77971 Boyd Trail,New York,NY,10031,9-(522)500-1941,10
485,George,Campbell,gcampbelldg@nps.gov,062 Dunning Way,New York,NY,10034,0-(095)682-2562,1
506,Matthew,Campbell,mcampbelle1@kickstarter.com,5 Westridge Junction,New York,NY,10031,2-(155)237-6044,1
524,Karen,Campbell,kcampbellej@surveymonkey.com,0780 Lakewood Circle,New York,NY,10033,4-(178)017-6980,4
752,Ralph,Campbell,rcampbellkv@patch.com,61983 Laurel Lane,New York,NY,10040,4-(295)730-8531,1
44,Shawn,Carpenter,scarpenter17@adobe.com,68737 Glendale Trail,New York,NY,10040,0-(182)111-9270,2
41,Joan,Carr,jcarr14@toplist.cz,3 Ruskin Drive,New York,NY,10033,7-(327)734-3498,3
881,Donna,Carr,dcarrog@epa.gov,6559 Garrison Street,New York,NY,10031,4-(016)933-6463,8
249,Beverly,Carroll,bcarroll6w@mapy.cz,2 Sloan Place,New York,NY,10040,4-(528)360-8411,9
452,Joseph,Carroll,jcarrollcj@youtube.com,597 Buhler Terrace,New York,NY,10031,3-(160)196-5425,11
591,Emily,Carroll,ecarrollge@ebay.com,236 Kingsford Crossing,New York,NY,10033,1-(734)193-2914,7
467,Willie,Carter,wcartercy@state.gov,14 Maryland Avenue,New York,NY,10032,5-(804)021-0202,6
595,Cheryl,Carter,ccartergi@symantec.com,797 Stang Road,New York,NY,10031,3-(310)938-7745,2
740,Janice,Carter,jcarterkj@google.com.au,77538 Marquette Avenue,New York,NY,10033,7-(095)035-7973,3
20,Jennifer,Castillo,jcastilloj@msn.com,3081 Grover Trail,New York,NY,10031,2-(011)788-3030,9
177,Judy,Castillo,jcastillo4w@last.fm,7 Acker Street,New York,NY,10031,9-(675)831-7632,10
278,Joe,Castillo,jcastillo7p@guardian.co.uk,72599 Vernon Street,New York,NY,10034,4-(375)911-2787,2
511,Todd,Castillo,tcastilloe6@discuz.net,126 Hansons Terrace,New York,NY,10032,2-(293)224-4694,7
621,Sarah,Castillo,scastilloh8@xinhuanet.com,4 Heffernan Street,New York,NY,10034,7-(449)977-8091,11
101,Judy,Chapman,jchapman2s@ustream.tv,57070 Warner Court,New York,NY,10040,9-(096)431-3535,6
118,Roger,Chapman,rchapman39@cmu.edu,80 Eliot Drive,New York,NY,10040,1-(733)882-6920,5
567,Earl,Chapman,echapmanfq@walmart.com,253 Continental Court,New York,NY,10034,7-(632)615-5398,1
760,Joan,Chapman,jchapmanl3@xinhuanet.com,4 Talmadge Pass,New York,NY,10032,4-(039)796-9020,11
793,Brenda,Chapman,bchapmanm0@rambler.ru,48744 Walton Center,New York,NY,10040,7-(817)651-6365,2
83,Benjamin,Chavez,bchavez2a@hibu.com,870 Kensington Parkway,New York,NY,10032,8-(348)999-1769,7
386,Earl,Chavez,echavezap@chron.com,80132 Melby Lane,New York,NY,10034,5-(943)591-6327,2
423,Marilyn,Chavez,mchavezbq@jigsy.com,6 Waywood Parkway,New York,NY,10040,2-(389)151-8405,3
539,Harold,Chavez,hchavezey@google.co.jp,8 Amoth Way,New York,NY,10040,8-(811)265-9885,8
632,Antonio,Chavez,achavezhj@hc360.com,3 Fulton Street,New York,NY,10031,1-(456)351-7156,6
646,Harold,Chavez,hchavezhx@vistaprint.com,000 Fordem Way,New York,NY,10033,5-(596)534-7886,6
12,Evelyn,Clark,eclarkb@etsy.com,001 Dayton Way,New York,NY,10033,0-(524)407-9949,4
179,Lisa,Cole,lcole4y@cloudflare.com,6255 Paget Circle,New York,NY,10032,2-(726)306-6085,8
850,Randy,Cole,rcolenl@latimes.com,59 Browning Crossing,New York,NY,10032,8-(910)333-2057,7
53,Arthur,Coleman,acoleman1g@edublogs.org,3 Kennedy Pass,New York,NY,10033,6-(588)506-6726,8
208,Cynthia,Coleman,ccoleman5r@harvard.edu,925 Mesta Crossing,New York,NY,10031,9-(364)673-7960,5
356,Carlos,Coleman,ccoleman9v@cocolog-nifty.com,28187 Center Trail,New York,NY,10032,6-(694)800-2786,12
536,Irene,Coleman,icolemanev@foxnews.com,230 Main Plaza,New York,NY,10033,5-(822)895-2652,3
879,Jeremy,Coleman,jcolemanoe@fotki.com,2644 Mockingbird Crossing,New York,NY,10033,1-(455)560-2888,7
201,Billy,Collins,bcollins5k@wp.com,961 Gale Place,New York,NY,10031,3-(784)893-9271,11
702,Ann,Collins,acollinsjh@indiatimes.com,019 Mosinee Terrace,New York,NY,10040,1-(534)895-1406,8
410,Jose,Cook,jcookbd@slate.com,650 Mosinee Hill,New York,NY,10040,8-(718)869-0030,1
492,Kelly,Cook,kcookdn@alexa.com,337 Nelson Terrace,New York,NY,10031,8-(319)024-4527,5
786,Howard,Cook,hcooklt@eventbrite.com,04831 Anhalt Street,New York,NY,10033,9-(781)122-4588,5
226,Julie,Cooper,jcooper69@multiply.com,8 Homewood Avenue,New York,NY,10034,9-(760)340-2639,8
561,Terry,Cooper,tcooperfk@nymag.com,32285 School Drive,New York,NY,10033,7-(633)379-3357,10
794,Bonnie,Cooper,bcooperm1@unc.edu,82 Pepper Wood Court,New York,NY,10033,6-(478)447-8922,9
332,Philip,Cox,pcox97@weebly.com,4757 Southridge Junction,New York,NY,10032,2-(082)761-0694,11
91,Terry,Crawford,tcrawford2i@newsvine.com,55 Hallows Lane,New York,NY,10034,1-(742)806-0343,6
270,Jason,Crawford,jcrawford7h@wired.com,50 Nelson Alley,New York,NY,10033,7-(451)117-7441,4
449,Louise,Cruz,lcruzcg@statcounter.com,0717 Monument Court,New York,NY,10031,2-(061)958-8200,4
209,Jacqueline,Cunningham,jcunningham5s@hc360.com,6939 Nevada Hill,New York,NY,10033,8-(436)648-1378,2
48,Jeremy,Daniels,jdaniels1b@ucoz.com,9797 Luster Plaza,New York,NY,10031,6-(167)138-4774,1
224,Phillip,Daniels,pdaniels67@networkadvertising.org,6 Messerschmidt Drive,New York,NY,10034,4-(293)602-5293,9
379,Steve,Daniels,sdanielsai@squidoo.com,9 Westridge Court,New York,NY,10032,1-(843)688-5463,11
460,Roger,Daniels,rdanielscr@1und1.de,47 Gulseth Parkway,New York,NY,10032,0-(626)293-4483,11
775,Matthew,Daniels,mdanielsli@ezinearticles.com,90802 Acker Circle,New York,NY,10040,7-(954)341-7569,K
8,Heather,Davis,hdavis7@netvibes.com,447 Buell Drive,New York,NY,10032,8-(233)604-6878,K
28,Carolyn,Davis,cdavisr@usnews.com,385 Marcy Way,New York,NY,10031,7-(899)887-4266,12
37,Carol,Davis,cdavis10@accuweather.com,68 Mayer Avenue,New York,NY,10040,8-(078)452-1076,11
45,Bonnie,Davis,bdavis18@bizjournals.com,98 Shelley Parkway,New York,NY,10033,5-(705)034-4391,6
191,Russell,Davis,rdavis5a@gizmodo.com,471 Brentwood Place,New York,NY,10031,8-(995)083-2659,2
333,Kathy,Davis,kdavis98@nba.com,86 Daystar Park,New York,NY,10031,3-(305)846-8697,8
370,Kathleen,Davis,kdavisa9@over-blog.com,8 Reinke Crossing,New York,NY,10040,8-(709)384-2616,4
469,Jeffrey,Davis,jdavisd0@mysql.com,6608 4th Drive,New York,NY,10031,0-(932)693-8644,3
718,Walter,Davis,wdavisjx@about.com,1853 Lake View Hill,New York,NY,10033,1-(492)466-3072,12
835,Christine,Davis,cdavisn6@blogger.com,29 Caliangt Point,New York,NY,10040,3-(952)753-3574,8
205,Carl,Day,cday5o@creativecommons.org,071 Ruskin Lane,New York,NY,10033,9-(065)726-0399,4
259,Stephen,Day,sday76@utexas.edu,75199 Elmside Trail,New York,NY,10033,3-(679)936-5136,6
508,Kelly,Day,kdaye3@bbc.co.uk,377 Hauk Avenue,New York,NY,10033,8-(045)708-8720,8
792,Jason,Day,jdaylz@goo.ne.jp,06381 Ramsey Junction,New York,NY,10032,2-(124)018-2472,10
806,Kimberly,Day,kdaymd@time.com,9 Morning Circle,New York,NY,10032,9-(173)410-9247,2
228,Dennis,Dean,ddean6b@illinois.edu,465 Sage Way,New York,NY,10040,0-(857)509-3676,1
554,Nicholas,Dean,ndeanfd@creativecommons.org,541 Mccormick Park,New York,NY,10033,6-(778)828-3679,4
647,Paul,Dean,pdeanhy@fastcompany.com,60 Commercial Center,New York,NY,10034,5-(067)917-4468,7
721,Donna,Dean,ddeank0@1und1.de,7459 Nova Way,New York,NY,10034,4-(854)974-5753,3
853,Philip,Dean,pdeanno@si.edu,0 Transport Center,New York,NY,10034,0-(071)939-5052,8
46,Walter,Diaz,wdiaz19@naver.com,8 Oneill Avenue,New York,NY,10033,7-(205)865-1757,7
51,Andrew,Diaz,adiaz1e@walmart.com,98 1st Pass,New York,NY,10040,5-(443)645-9805,11
196,Deborah,Diaz,ddiaz5f@joomla.org,62 Kennedy Avenue,New York,NY,10033,4-(411)851-0132,2
276,Nicole,Diaz,ndiaz7n@twitter.com,59 Meadow Vale Parkway,New York,NY,10032,9-(639)572-9291,3
297,Ernest,Diaz,ediaz88@samsung.com,6162 Dakota Point,New York,NY,10034,6-(523)141-0885,7
407,Lisa,Diaz,ldiazba@wp.com,1447 Manufacturers Avenue,New York,NY,10032,8-(716)885-5366,9
588,Shawn,Diaz,sdiazgb@netvibes.com,5946 Springview Drive,New York,NY,10033,8-(961)596-0810,9
812,Frances,Diaz,fdiazmj@nationalgeographic.com,3 Raven Terrace,New York,NY,10032,2-(086)542-3524,K
885,Albert,Diaz,adiazok@tuttocitta.it,520 Melrose Way,New York,NY,10040,2-(189)669-4123,4
195,Justin,Dixon,jdixon5e@jimdo.com,0 Shelley Hill,New York,NY,10034,3-(612)834-8825,5
265,Barbara,Dixon,bdixon7c@reference.com,08388 Johnson Avenue,New York,NY,10040,5-(902)450-8569,4
681,Mary,Dixon,mdixoniw@sitemeter.com,178 Cherokee Trail,New York,NY,10031,7-(366)310-9024,7
765,Phyllis,Dixon,pdixonl8@tumblr.com,8 Crownhardt Pass,New York,NY,10033,8-(515)946-1069,K
150,Walter,Dunn,wdunn45@wisc.edu,0 Straubel Lane,New York,NY,10034,7-(104)514-2444,10
342,Julia,Dunn,jdunn9h@reverbnation.com,284 Sheridan Avenue,New York,NY,10031,4-(325)073-9336,7
396,Ryan,Dunn,rdunnaz@usda.gov,5427 Fairview Park,New York,NY,10031,9-(407)059-2384,9
605,Anthony,Dunn,adunngs@google.pl,3138 Stephen Trail,New York,NY,10034,6-(912)049-0505,5
804,Sandra,Dunn,sdunnmb@reverbnation.com,6 Hermina Way,New York,NY,10040,5-(899)764-4274,8
827,Kathy,Dunn,kdunnmy@newyorker.com,66355 Dovetail Trail,New York,NY,10040,7-(184)794-8345,9
248,Martha,Edwards,medwards6v@theatlantic.com,5219 Blaine Court,New York,NY,10040,8-(706)337-6734,7
735,Sara,Edwards,sedwardske@prlog.org,1 Arkansas Hill,New York,NY,10031,8-(762)535-5696,10
127,Paula,Elliott,pelliott3i@redcross.org,28 Vermont Pass,New York,NY,10033,3-(638)656-8834,7
376,Barbara,Elliott,belliottaf@google.fr,6 Hermina Pass,New York,NY,10031,3-(043)473-6997,9
498,Benjamin,Elliott,belliottdt@dyndns.org,22 Kedzie Junction,New York,NY,10032,2-(027)628-0793,11
635,Donald,Elliott,delliotthm@bravesites.com,98895 Northport Terrace,New York,NY,10031,4-(005)672-5887,11
578,Charles,Ellis,cellisg1@ocn.ne.jp,2257 Clove Crossing,New York,NY,10034,7-(763)782-8728,10
649,Juan,Ellis,jellisi0@marriott.com,86801 Maple Wood Drive,New York,NY,10034,1-(615)068-9800,4
802,Kimberly,Ellis,kellism9@noaa.gov,514 Hoard Point,New York,NY,10034,4-(157)551-3986,4
817,Martin,Ellis,mellismo@trellian.com,94 Katie Park,New York,NY,10031,6-(056)891-6360,6
97,William,Evans,wevans2o@ebay.co.uk,78804 Steensland Point,New York,NY,10032,6-(522)210-5528,2
377,Amanda,Evans,aevansag@php.net,91715 Colorado Alley,New York,NY,10034,1-(695)473-7749,2
461,Steve,Evans,sevanscs@spiegel.de,09 Mallard Alley,New York,NY,10033,2-(598)845-6430,12
526,Frank,Evans,fevansel@sbwire.com,338 Russell Trail,New York,NY,10033,3-(757)288-2859,7
602,Anthony,Evans,aevansgp@delicious.com,5 Lyons Road,New York,NY,10034,1-(630)517-9800,12
523,Roy,Fernandez,rfernandezei@wix.com,4 Trailsway Court,New York,NY,10034,9-(702)785-3475,10
798,Stephen,Fernandez,sfernandezm5@digg.com,342 Wayridge Lane,New York,NY,10032,3-(579)171-9170,5
892,John,Fernandez,jfernandezor@shutterfly.com,817 Fallview Drive,New York,NY,10034,3-(783)898-5971,4
220,Thomas,Fields,tfields63@upenn.edu,1 Northfield Lane,New York,NY,10034,7-(925)010-5360,10
289,Kenneth,Fields,kfields80@adobe.com,32459 Schurz Lane,New York,NY,10034,8-(168)475-0613,2
364,Brenda,Fields,bfieldsa3@pcworld.com,006 Shoshone Crossing,New York,NY,10033,3-(980)873-9825,K
433,Frances,Fisher,ffisherc0@noaa.gov,516 Goodland Court,New York,NY,10033,7-(551)441-9889,12
577,Henry,Fisher,hfisherg0@instagram.com,1 Eastlawn Circle,New York,NY,10031,5-(130)799-1793,6
708,Ruth,Fisher,rfisherjn@noaa.gov,0836 Sheridan Place,New York,NY,10031,9-(503)603-3576,K
302,Pamela,Flores,pflores8d@digg.com,6549 Pierstorff Junction,New York,NY,10032,9-(566)913-6470,8
592,Joyce,Flores,jfloresgf@slashdot.org,0 Miller Parkway,New York,NY,10034,9-(797)407-2083,K
636,Gloria,Flores,gfloreshn@yelp.com,983 Shelley Center,New York,NY,10034,3-(864)925-5627,11
654,Deborah,Flores,dfloresi5@tinypic.com,14639 Sherman Court,New York,NY,10040,1-(652)270-4143,6
30,Justin,Ford,jfordt@instagram.com,44896 Randy Plaza,New York,NY,10034,1-(206)720-9139,6
88,Patricia,Ford,pford2f@instagram.com,1 Oakridge Alley,New York,NY,10031,5-(092)811-2757,8
121,Amy,Ford,aford3c@lulu.com,8029 Nobel Crossing,New York,NY,10032,4-(594)682-3794,12
193,Keith,Ford,kford5c@fda.gov,47714 Anderson Way,New York,NY,10031,7-(494)902-7170,10
459,Janet,Ford,jfordcq@so-net.ne.jp,7 Stephen Avenue,New York,NY,10033,0-(633)503-8718,8
736,Billy,Foster,bfosterkf@auda.org.au,998 Pleasure Center,New York,NY,10033,5-(255)282-2853,11
254,Roy,Fowler,rfowler71@pen.io,39076 Prentice Center,New York,NY,10040,7-(101)749-7450,8
675,Ralph,Fowler,rfowleriq@jimdo.com,1 Linden Center,New York,NY,10031,2-(931)246-6415,6
9,Marie,Fox,mfox8@europa.eu,531 Moulton Terrace,New York,NY,10033,9-(881)302-8911,12
64,Shawn,Fox,sfox1r@unc.edu,035 Buhler Terrace,New York,NY,10032,6-(762)970-1428,6
418,Mildred,Fox,mfoxbl@microsoft.com,9114 Declaration Way,New York,NY,10031,8-(333)200-2354,10
664,Lois,Franklin,lfranklinif@a8.net,92 Northland Avenue,New York,NY,10040,2-(976)156-6762,2
781,Philip,Franklin,pfranklinlo@noaa.gov,6 Schiller Pass,New York,NY,10033,4-(974)300-5608,7
779,Jack,Frazier,jfrazierlm@alibaba.com,8 Northport Trail,New York,NY,10034,9-(117)681-9993,1
882,Fred,Frazier,ffrazieroh@dagondesign.com,51893 Boyd Crossing,New York,NY,10031,1-(556)432-3026,9
900,Laura,Frazier,lfrazieroz@admin.ch,62289 Truax Court,New York,NY,10040,3-(782)601-4901,11
301,Joshua,Freeman,jfreeman8c@storify.com,4999 Ramsey Center,New York,NY,10032,7-(125)959-1510,10
612,Louise,Freeman,lfreemangz@disqus.com,99755 Bonner Place,New York,NY,10031,2-(655)408-7805,5
757,Nicole,Freeman,nfreemanl0@independent.co.uk,20630 Darwin Park,New York,NY,10031,8-(985)677-2182,11
824,Mary,Freeman,mfreemanmv@list-manage.com,60605 Mifflin Drive,New York,NY,10033,7-(277)829-1016,6
876,Carol,Freeman,cfreemanob@fema.gov,5 Kenwood Pass,New York,NY,10031,5-(968)219-6796,10
42,William,Fuller,wfuller15@umn.edu,1 Paget Center,New York,NY,10032,8-(945)224-6707,1
230,Harold,Fuller,hfuller6d@pinterest.com,546 Mifflin Avenue,New York,NY,10032,0-(053)879-1008,4
512,Kenneth,Fuller,kfullere7@photobucket.com,55122 Meadow Ridge Way,New York,NY,10031,7-(734)935-8870,8
565,Karen,Fuller,kfullerfo@vkontakte.ru,149 Fair Oaks Center,New York,NY,10031,5-(569)593-3323,6
778,Roy,Garcia,rgarciall@issuu.com,388 Huxley Avenue,New York,NY,10031,6-(591)838-7279,6
896,Paula,Garcia,pgarciaov@ning.com,005 Tennyson Park,New York,NY,10031,2-(848)556-6478,8
222,Judy,Gardner,jgardner65@nih.gov,9 Northport Hill,New York,NY,10031,2-(939)093-0195,12
404,Roy,Gardner,rgardnerb7@thetimes.co.uk,07062 Parkside Lane,New York,NY,10032,1-(482)460-2002,1
551,Sharon,Gardner,sgardnerfa@springer.com,45528 Talisman Circle,New York,NY,10032,0-(967)987-2421,2
709,Patrick,Gardner,pgardnerjo@geocities.jp,2718 Nobel Alley,New York,NY,10032,4-(567)004-7035,2
32,Jonathan,Garrett,jgarrettv@springer.com,02503 Hanson Park,New York,NY,10032,1-(197)440-1487,1
293,Margaret,Garrett,mgarrett84@hatena.ne.jp,50 Nelson Avenue,New York,NY,10034,1-(599)162-2932,12
476,Andrea,Garrett,agarrettd7@tiny.cc,05 Farragut Plaza,New York,NY,10033,0-(269)307-5962,1
429,Richard,Garza,rgarzabw@slashdot.org,95124 Petterle Drive,New York,NY,10033,0-(655)168-4184,1
639,Alice,Garza,agarzahq@psu.edu,69 Southridge Circle,New York,NY,10040,3-(080)204-9478,3
56,Patrick,George,pgeorge1j@guardian.co.uk,0 Transport Trail,New York,NY,10032,5-(249)679-7677,6
109,George,George,ggeorge30@marketwatch.com,3044 John Wall Parkway,New York,NY,10034,1-(718)532-3552,10
439,Sarah,George,sgeorgec6@vk.com,5 Warner Plaza,New York,NY,10033,4-(869)861-8630,9
455,Keith,George,kgeorgecm@list-manage.com,33044 Sutherland Road,New York,NY,10032,4-(290)993-7544,8
164,Andrew,Gibson,agibson4j@360.cn,2 Scott Road,New York,NY,10031,8-(615)021-5307,5
171,Randy,Gibson,rgibson4q@uiuc.edu,1738 Fallview Alley,New York,NY,10033,0-(295)305-3721,11
446,Scott,Gibson,sgibsoncd@ox.ac.uk,33519 Grover Pass,New York,NY,10032,3-(641)504-8794,8
613,Albert,Gibson,agibsonh0@java.com,0 Lien Center,New York,NY,10033,2-(408)210-4629,5
627,Wayne,Gibson,wgibsonhe@fda.gov,02938 Oxford Way,New York,NY,10031,3-(636)862-6832,11
734,Paul,Gibson,pgibsonkd@nifty.com,376 Johnson Way,New York,NY,10040,7-(627)122-5449,12
60,Antonio,Gilbert,agilbert1n@squarespace.com,144 Sheridan Road,New York,NY,10032,6-(476)644-6552,7
110,Chris,Gilbert,cgilbert31@skyrock.com,0347 Garrison Point,New York,NY,10031,8-(916)146-0226,11
281,Howard,Gilbert,hgilbert7s@ask.com,678 Carey Place,New York,NY,10031,1-(650)177-1781,9
843,Rachel,Gilbert,rgilbertne@bloglovin.com,202 Karstens Junction,New York,NY,10033,9-(685)439-6817,2
63,Walter,Gomez,wgomez1q@ustream.tv,8426 Monument Hill,New York,NY,10032,0-(977)411-8367,1
255,Emily,Gomez,egomez72@skype.com,51617 Farwell Park,New York,NY,10034,3-(145)644-7413,10
324,Theresa,Gomez,tgomez8z@free.fr,856 Monica Court,New York,NY,10032,5-(534)823-2069,12
617,Wanda,Gomez,wgomezh4@parallels.com,405 Northview Trail,New York,NY,10034,7-(813)574-7658,7
620,Cheryl,Gomez,cgomezh7@webmd.com,774 Sutteridge Place,New York,NY,10032,5-(318)100-6676,7
680,Nicholas,Gomez,ngomeziv@businessweek.com,2 Chinook Park,New York,NY,10032,3-(274)085-3381,7
777,Nancy,Gomez,ngomezlk@dell.com,9652 Stuart Alley,New York,NY,10034,7-(230)787-1712,4
556,Laura,Gonzales,lgonzalesff@squidoo.com,46 Dennis Way,New York,NY,10033,8-(175)888-8400,10
50,Joseph,Gonzalez,jgonzalez1d@hc360.com,73 Bellgrove Road,New York,NY,10034,3-(529)595-6933,3
803,Paula,Gonzalez,pgonzalezma@instagram.com,5 Mesta Drive,New York,NY,10033,8-(759)526-6160,6
23,Lillian,Gordon,lgordonm@wsj.com,1646 Crowley Terrace,New York,NY,10033,9-(364)520-1502,5
152,Gerald,Graham,ggraham47@slashdot.org,8 Texas Hill,New York,NY,10031,3-(722)402-7512,8
182,Mildred,Graham,mgraham51@reference.com,87 Dwight Junction,New York,NY,10032,6-(801)327-6753,12
326,Gary,Graham,ggraham91@cbslocal.com,83784 Armistice Trail,New York,NY,10031,8-(385)964-5958,7
360,Denise,Graham,dgraham9z@baidu.com,1 Annamark Parkway,New York,NY,10032,9-(865)233-6755,12
417,Janet,Graham,jgrahambk@cnn.com,44006 Cottonwood Plaza,New York,NY,10033,9-(081)131-4658,4
275,Steven,Grant,sgrant7m@instagram.com,0 Loftsgordon Way,New York,NY,10034,9-(520)208-8265,9
350,Mary,Grant,mgrant9p@mail.ru,2645 Pierstorff Parkway,New York,NY,10033,0-(443)062-0662,1
250,Shawn,Gray,sgray6x@wikimedia.org,7519 Messerschmidt Park,New York,NY,10032,8-(986)124-8513,10
312,Wayne,Gray,wgray8n@ucsd.edu,6212 Springview Parkway,New York,NY,10032,9-(376)734-7687,5
484,Diana,Gray,dgraydf@tamu.edu,734 Blue Bill Park Pass,New York,NY,10034,8-(628)109-4290,5
534,Karen,Gray,kgrayet@tinyurl.com,10 Haas Street,New York,NY,10033,8-(108)344-6801,K
705,Rachel,Gray,rgrayjk@pinterest.com,2 Loeprich Road,New York,NY,10033,0-(340)288-4760,8
104,Donald,Green,dgreen2v@elpais.com,9959 Clove Park,New York,NY,10032,1-(285)385-7949,1
243,David,Green,dgreen6q@stanford.edu,2025 Michigan Center,New York,NY,10032,7-(588)202-6656,2
491,Barbara,Green,bgreendm@mozilla.com,01 Sheridan Drive,New York,NY,10031,2-(273)236-0289,K
594,Carol,Green,cgreengh@ovh.net,8577 Susan Park,New York,NY,10031,9-(222)281-7266,2
140,Ernest,Greene,egreene3v@ibm.com,3303 Kenwood Trail,New York,NY,10034,7-(981)667-5071,1
691,Angela,Greene,agreenej6@merriam-webster.com,286 Monica Way,New York,NY,10032,8-(496)688-9071,8
167,Roy,Griffin,rgriffin4m@youtu.be,0662 Lukken Trail,New York,NY,10033,0-(601)672-9369,5
365,Charles,Griffin,cgriffina4@msu.edu,8 Mallard Place,New York,NY,10034,0-(901)784-4406,3
422,Jesse,Griffin,jgriffinbp@craigslist.org,9 Division Drive,New York,NY,10031,7-(421)621-1896,7
493,Patricia,Griffin,pgriffindo@bandcamp.com,416 Glendale Place,New York,NY,10031,5-(299)967-4473,9
25,Susan,Gutierrez,sgutierrezo@paypal.com,65302 Calypso Plaza,New York,NY,10031,5-(789)302-1649,9
94,Theresa,Gutierrez,tgutierrez2l@360.cn,1 Pennsylvania Hill,New York,NY,10031,3-(099)221-6922,8
138,Amy,Gutierrez,agutierrez3t@slashdot.org,56 Melody Center,New York,NY,10040,3-(312)696-8879,1
737,Donna,Gutierrez,dgutierrezkg@howstuffworks.com,32901 Green Circle,New York,NY,10034,4-(596)900-8194,12
103,Johnny,Hall,jhall2u@nymag.com,0493 Emmet Junction,New York,NY,10033,4-(687)064-4619,10
175,Paula,Hall,phall4u@123-reg.co.uk,456 Shoshone Crossing,New York,NY,10034,8-(500)911-0639,9
663,Willie,Hall,whallie@ovh.net,29 Glendale Drive,New York,NY,10040,3-(455)082-6747,12
199,Jerry,Hamilton,jhamilton5i@zimbio.com,9 Lunder Street,New York,NY,10040,5-(736)243-2387,3
279,Harry,Hamilton,hhamilton7q@youtu.be,4002 Dayton Road,New York,NY,10032,9-(483)282-5469,K
570,Gary,Hamilton,ghamiltonft@house.gov,5594 Packers Parkway,New York,NY,10034,5-(880)478-3701,9
703,Peter,Hamilton,phamiltonji@cargocollective.com,85 Granby Terrace,New York,NY,10033,4-(201)658-7074,11
286,Kelly,Hansen,khansen7x@1und1.de,159 Fairview Drive,New York,NY,10031,1-(436)571-1398,1
392,Ronald,Hansen,rhansenav@about.me,4 David Way,New York,NY,10034,0-(249)972-9646,7
442,Earl,Hansen,ehansenc9@shinystat.com,1 Melvin Parkway,New York,NY,10034,3-(894)547-7023,3
625,Harry,Hansen,hhansenhc@webeden.co.uk,586 Waubesa Parkway,New York,NY,10040,7-(991)657-6559,5
111,Ann,Hanson,ahanson32@ftc.gov,3797 Corscot Avenue,New York,NY,10033,3-(172)204-1120,2
416,Mildred,Hanson,mhansonbj@eventbrite.com,1 Hazelcrest Park,New York,NY,10031,6-(376)629-1099,1
622,Michelle,Hanson,mhansonh9@cbsnews.com,50975 Pawling Way,New York,NY,10032,7-(517)651-2969,1
694,Keith,Hanson,khansonj9@last.fm,92 Walton Parkway,New York,NY,10034,6-(210)699-4308,12
741,Christopher,Harper,charperkk@weibo.com,187 Corscot Crossing,New York,NY,10032,0-(770)904-5719,12
202,Dennis,Harris,dharris5l@vkontakte.ru,8806 Victoria Alley,New York,NY,10034,9-(160)098-5127,3
354,Mary,Harris,mharris9t@sohu.com,22540 Crowley Court,New York,NY,10034,1-(932)063-8279,8
357,Ashley,Harris,aharris9w@jiathis.com,491 Calypso Center,New York,NY,10033,2-(745)830-3749,9
375,Stephanie,Harris,sharrisae@opensource.org,370 Roxbury Street,New York,NY,10034,6-(024)093-1492,6
420,Arthur,Harris,aharrisbn@phpbb.com,3160 Jenna Pass,New York,NY,10031,2-(528)746-5060,K
514,Mary,Harrison,mharrisone9@livejournal.com,7 Service Road,New York,NY,10031,2-(329)022-8902,3
770,Marilyn,Harrison,mharrisonld@usnews.com,98 Sunbrook Alley,New York,NY,10040,4-(825)768-5335,7
771,Jesse,Harrison,jharrisonle@netlog.com,7 Delaware Street,New York,NY,10031,7-(936)113-6809,6
822,Michael,Harrison,mharrisonmt@hibu.com,21222 Myrtle Lane,New York,NY,10040,4-(291)563-7072,8
40,Ryan,Hart,rhart13@dropbox.com,4714 Loftsgordon Point,New York,NY,10032,6-(616)867-0651,10
368,Chris,Hart,charta7@jimdo.com,802 Pepper Wood Point,New York,NY,10032,9-(093)882-3876,2
630,Michelle,Hart,mharthh@sitemeter.com,4958 Di Loreto Lane,New York,NY,10040,0-(438)458-8800,5
136,Amanda,Harvey,aharvey3r@lycos.com,114 Farwell Pass,New York,NY,10034,7-(846)312-9072,4
283,Melissa,Harvey,mharvey7u@prlog.org,8893 Scofield Place,New York,NY,10040,6-(317)625-1951,3
4,Bobby,Hawkins,bhawkins3@unesco.org,698 Coleman Junction,New York,NY,10033,5-(428)774-5064,11
33,Carolyn,Hawkins,chawkinsw@quantcast.com,601 Northland Street,New York,NY,10032,0-(954)929-1043,3
891,Rachel,Hawkins,rhawkinsoq@spiegel.de,1 Cambridge Trail,New York,NY,10040,2-(895)358-5969,6
419,Judith,Hayes,jhayesbm@bbc.co.uk,7252 Lakewood Gardens Way,New York,NY,10033,9-(445)727-9237,9
730,Sandra,Henderson,shendersonk9@hao123.com,94416 Sunfield Plaza,New York,NY,10031,2-(575)230-3233,12
223,Virginia,Henry,vhenry66@mozilla.org,740 Menomonie Pass,New York,NY,10032,4-(782)912-2322,7
486,Andrea,Henry,ahenrydh@jigsy.com,756 Westend Plaza,New York,NY,10032,9-(784)527-5351,4
504,Roger,Henry,rhenrydz@ft.com,26090 Derek Circle,New York,NY,10032,0-(244)596-6366,9
674,Wayne,Hernandez,whernandezip@wsj.com,33 Anniversary Lane,New York,NY,10032,6-(971)937-9821,8
743,Shirley,Hernandez,shernandezkm@pagesperso-orange.fr,38 Monica Court,New York,NY,10033,3-(470)836-5666,8
454,Anna,Hicks,ahickscl@webeden.co.uk,35488 Surrey Terrace,New York,NY,10032,0-(952)355-8646,11
700,Henry,Hicks,hhicksjf@paginegialle.it,366 Hoard Terrace,New York,NY,10034,6-(122)092-2017,11
601,Ann,Hill,ahillgo@elegantthemes.com,2353 Stoughton Terrace,New York,NY,10033,6-(442)181-6660,3
19,Alice,Holmes,aholmesi@accuweather.com,12 Golf Course Alley,New York,NY,10033,6-(631)808-3221,10
231,Johnny,Holmes,jholmes6e@pbs.org,007 Welch Pass,New York,NY,10032,7-(459)908-7620,9
373,John,Holmes,jholmesac@timesonline.co.uk,22 Del Mar Trail,New York,NY,10034,0-(606)402-6161,12
583,Barbara,Holmes,bholmesg6@qq.com,74098 Longview Point,New York,NY,10033,4-(659)837-0495,9
590,Tina,Holmes,tholmesgd@youtu.be,52331 Cody Point,New York,NY,10034,3-(115)094-2603,4
810,Nicole,Holmes,nholmesmh@si.edu,81997 Ridgeway Place,New York,NY,10033,9-(327)484-5528,1
839,Lisa,Holmes,lholmesna@omniture.com,42 Dayton Alley,New York,NY,10033,5-(331)721-7017,1
614,Stephanie,Howard,showardh1@sphinn.com,2 Brickson Park Plaza,New York,NY,10033,8-(985)965-0470,1
695,Sarah,Howard,showardja@wufoo.com,09504 Carey Hill,New York,NY,10040,4-(435)348-2162,11
851,Christina,Howard,chowardnm@miitbeian.gov.cn,7 Talmadge Junction,New York,NY,10033,6-(616)142-9956,1
886,Ashley,Howard,ahowardol@economist.com,58 Westerfield Alley,New York,NY,10034,9-(545)658-7062,5
132,Paula,Hudson,phudson3n@omniture.com,9 Dixon Drive,New York,NY,10032,3-(558)586-4280,1
546,Stephen,Hudson,shudsonf5@wunderground.com,15 Stoughton Avenue,New York,NY,10033,3-(012)355-6002,7
81,Mark,Hughes,mhughes28@economist.com,14400 Debs Drive,New York,NY,10034,5-(451)617-3800,3
746,Phillip,Hughes,phugheskp@narod.ru,57488 Fuller Parkway,New York,NY,10033,2-(651)971-9105,5
872,Carl,Hughes,chugheso7@odnoklassniki.ru,2 Corscot Place,New York,NY,10033,4-(654)430-6129,8
135,Lois,Hunt,lhunt3q@npr.org,4 Independence Point,New York,NY,10034,2-(805)404-6758,10
197,Eugene,Hunt,ehunt5g@utexas.edu,34625 Charing Cross Lane,New York,NY,10034,1-(545)587-0388,10
414,Irene,Hunt,ihuntbh@ovh.net,44 Tony Park,New York,NY,10032,2-(625)911-5282,2
490,Adam,Hunt,ahuntdl@springer.com,03 Farwell Crossing,New York,NY,10031,6-(884)961-1915,12
762,Karen,Hunt,khuntl5@google.fr,7527 3rd Terrace,New York,NY,10040,1-(911)747-2860,10
148,Larry,Hunter,lhunter43@ucla.edu,846 Tennyson Point,New York,NY,10033,1-(408)238-9422,7
160,Theresa,Hunter,thunter4f@europa.eu,2243 Center Avenue,New York,NY,10033,3-(396)648-1403,9
262,Nicole,Hunter,nhunter79@msn.com,651 Stone Corner Crossing,New York,NY,10040,2-(214)608-3505,K
710,Phyllis,Hunter,phunterjp@virginia.edu,09132 Waxwing Terrace,New York,NY,10040,0-(569)742-3588,2
618,Richard,Jackson,rjacksonh5@sohu.com,8 Macpherson Pass,New York,NY,10033,2-(352)058-4531,12
427,Paul,Jacobs,pjacobsbu@prweb.com,7471 Cambridge Plaza,New York,NY,10031,8-(508)512-2069,6
846,Juan,Jacobs,jjacobsnh@wix.com,61 Arrowood Place,New York,NY,10034,6-(127)342-3490,11
575,Michael,James,mjamesfy@nba.com,0 Spenser Lane,New York,NY,10033,2-(975)299-2977,6
599,Jean,James,jjamesgm@mapy.cz,480 Schmedeman Pass,New York,NY,10031,0-(548)338-7966,4
89,Ruth,Jenkins,rjenkins2g@mashable.com,8 Londonderry Avenue,New York,NY,10034,2-(630)129-6982,8
345,Teresa,Jenkins,tjenkins9k@comsenz.com,91 Luster Point,New York,NY,10040,0-(810)594-2369,6
391,Gerald,Jenkins,gjenkinsau@toplist.cz,74251 1st Avenue,New York,NY,10031,6-(174)152-6543,11
440,Patricia,Jenkins,pjenkinsc7@multiply.com,374 Eggendart Center,New York,NY,10032,7-(784)131-7367,4
443,Bonnie,Jenkins,bjenkinsca@youtu.be,722 Portage Hill,New York,NY,10034,1-(478)939-2862,1
474,Keith,Jenkins,kjenkinsd5@altervista.org,027 Farwell Point,New York,NY,10033,6-(447)087-0193,12
606,Keith,Jenkins,kjenkinsgt@unc.edu,91338 Michigan Road,New York,NY,10031,1-(174)211-2684,4
640,Kimberly,Jenkins,kjenkinshr@ning.com,4 Washington Alley,New York,NY,10031,6-(698)216-3024,9
676,Samuel,Jenkins,sjenkinsir@xrea.com,52 Daystar Road,New York,NY,10040,8-(470)688-4654,1
867,Lois,Jenkins,ljenkinso2@vistaprint.com,425 Coolidge Parkway,New York,NY,10032,4-(967)684-2955,3
71,Linda,Johnson,ljohnson1y@comcast.net,3 Buell Street,New York,NY,10040,0-(424)075-4059,9
528,David,Johnson,djohnsonen@toplist.cz,100 Carpenter Circle,New York,NY,10033,1-(434)362-6801,10
831,Lois,Johnson,ljohnsonn2@weebly.com,6615 Carberry Alley,New York,NY,10040,9-(098)861-4764,5
188,Dorothy,Johnston,djohnston57@ucoz.com,4 Goodland Plaza,New York,NY,10032,2-(279)669-5918,2
294,Paul,Johnston,pjohnston85@kickstarter.com,7139 Union Street,New York,NY,10031,6-(375)800-6454,2
323,Charles,Johnston,cjohnston8y@cbslocal.com,1 Cascade Terrace,New York,NY,10040,5-(370)328-0824,9
552,Bobby,Johnston,bjohnstonfb@w3.org,9879 Lien Point,New York,NY,10033,8-(279)182-6881,5
767,Justin,Johnston,jjohnstonla@jugem.jp,08949 Katie Alley,New York,NY,10031,7-(435)469-4754,9
894,Bobby,Johnston,bjohnstonot@auda.org.au,5 Bartillon Center,New York,NY,10040,8-(691)207-2475,8
393,Donna,Jones,djonesaw@ft.com,783 Fairview Pass,New York,NY,10031,9-(975)272-5613,11
405,Bonnie,Jones,bjonesb8@theglobeandmail.com,285 Eastlawn Pass,New York,NY,10034,8-(388)414-8702,K
503,Jean,Jones,jjonesdy@bluehost.com,0346 Hintze Crossing,New York,NY,10040,8-(023)038-8858,5
573,Fred,Jones,fjonesfw@mapquest.com,4 Westridge Lane,New York,NY,10033,3-(778)482-9531,7
574,Howard,Jones,hjonesfx@mac.com,502 Lyons Junction,New York,NY,10034,1-(479)426-5113,4
667,Anne,Jones,ajonesii@over-blog.com,334 Cherokee Pass,New York,NY,10034,1-(291)070-0571,3
714,Julie,Jones,jjonesjt@economist.com,00 Meadow Valley Trail,New York,NY,10032,3-(068)725-4977,1
55,Denise,Jordan,djordan1i@etsy.com,7 Gina Avenue,New York,NY,10033,0-(598)832-2312,2
290,Kenneth,Jordan,kjordan81@amazon.co.uk,12584 Eagan Street,New York,NY,10033,3-(762)978-0722,3
895,Norma,Jordan,njordanou@artisteer.com,47802 Donald Center,New York,NY,10031,9-(690)374-4939,K
318,Frances,Kelley,fkelley8t@deliciousdays.com,502 Manitowish Circle,New York,NY,10031,0-(754)079-1602,8
699,Walter,Kelley,wkelleyje@1688.com,07102 Barnett Lane,New York,NY,10040,7-(083)612-6327,12
717,Victor,Kelley,vkelleyjw@narod.ru,29 Sutherland Park,New York,NY,10032,6-(002)236-2333,8
303,Scott,Kelly,skelly8e@jigsy.com,9309 Hanover Park,New York,NY,10034,0-(037)153-6621,1
615,Willie,Kelly,wkellyh2@tiny.cc,4 Fremont Court,New York,NY,10034,5-(466)706-5561,12
751,Ruby,Kelly,rkellyku@virginia.edu,501 Melvin Point,New York,NY,10031,4-(927)254-6498,4
319,Andrew,Kennedy,akennedy8u@meetup.com,4 Redwing Court,New York,NY,10031,3-(239)316-9804,2
347,Bonnie,Kennedy,bkennedy9m@ucsd.edu,3 Hansons Center,New York,NY,10034,0-(662)032-2633,8
263,George,Kim,gkim7a@over-blog.com,505 Anthes Place,New York,NY,10033,5-(319)799-4489,11
256,Lisa,King,lking73@booking.com,6590 Lukken Circle,New York,NY,10033,8-(233)544-5195,4
258,Larry,King,lking75@amazon.de,4082 Montana Court,New York,NY,10033,8-(235)533-2306,10
383,Emily,King,ekingam@whitehouse.gov,72 Dennis Junction,New York,NY,10032,8-(147)479-1068,3
693,Ralph,King,rkingj8@yolasite.com,99 Swallow Hill,New York,NY,10034,5-(378)540-0787,2
795,Stephen,King,skingm2@smugmug.com,22 Old Shore Crossing,New York,NY,10034,9-(897)174-2823,6
531,Angela,Knight,aknighteq@hc360.com,5 Golden Leaf Pass,New York,NY,10034,1-(933)380-3190,1
855,George,Knight,gknightnq@si.edu,52 Ridge Oak Lane,New York,NY,10032,2-(218)125-4172,11
36,Sean,Lane,slanez@wix.com,4 Brown Alley,New York,NY,10032,7-(546)976-0709,10
95,David,Lane,dlane2m@1688.com,568 Cambridge Pass,New York,NY,10031,5-(003)489-7844,K
102,Frances,Lane,flane2t@ftc.gov,8 Eggendart Place,New York,NY,10033,0-(122)359-0037,K
107,Sharon,Lane,slane2y@parallels.com,404 Russell Alley,New York,NY,10032,5-(256)353-3464,5
555,Jason,Lane,jlanefe@livejournal.com,1522 Messerschmidt Pass,New York,NY,10033,3-(334)656-7469,5
749,Anna,Lane,alaneks@spotify.com,300 Everett Hill,New York,NY,10032,2-(454)765-0972,6
826,Katherine,Lane,klanemx@ted.com,21 Ruskin Road,New York,NY,10031,0-(412)260-1790,9
334,Ronald,Larson,rlarson99@furl.net,40 Corben Terrace,New York,NY,10040,5-(739)113-4522,K
519,Aaron,Larson,alarsonee@1und1.de,4500 Village Alley,New York,NY,10031,8-(421)049-1723,12
142,Elizabeth,Lawrence,elawrence3x@cbsnews.com,187 Independence Parkway,New York,NY,10032,6-(572)132-3803,11
296,Lisa,Lawrence,llawrence87@icq.com,252 Onsgard Parkway,New York,NY,10031,3-(172)066-7933,8
428,Judith,Lawrence,jlawrencebv@wikipedia.org,1629 Monterey Crossing,New York,NY,10031,2-(392)448-0695,9
90,Steven,Lawson,slawson2h@addthis.com,9045 Nelson Terrace,New York,NY,10032,7-(626)308-8823,2
245,Roger,Lawson,rlawson6s@google.pl,0 Schurz Park,New York,NY,10032,7-(923)115-2592,9
359,Laura,Lawson,llawson9y@cyberchimps.com,131 Del Mar Trail,New York,NY,10040,1-(324)359-0878,1
100,Michelle,Lee,mlee2r@chron.com,247 Marcy Parkway,New York,NY,10032,7-(401)619-8772,K
800,Joyce,Lee,jleem7@wikipedia.org,8776 Sugar Way,New York,NY,10040,8-(020)481-1289,9
880,Charles,Lee,cleeof@whitehouse.gov,25 Tony Plaza,New York,NY,10032,4-(820)897-9417,12
176,Doris,Lewis,dlewis4v@elpais.com,565 Lawn Circle,New York,NY,10034,6-(496)647-9670,K
764,Martha,Lewis,mlewisl7@nba.com,0 Eagle Crest Lane,New York,NY,10040,5-(346)090-6754,3
62,Gerald,Little,glittle1p@sourceforge.net,07262 La Follette Point,New York,NY,10040,2-(165)570-5187,11
400,Howard,Little,hlittleb3@hexun.com,68566 Homewood Way,New York,NY,10031,3-(150)123-9207,12
832,Louise,Little,llittlen3@nhs.uk,792 Acker Pass,New York,NY,10033,0-(451)350-1287,11
3,Louis,Long,llong2@wikispaces.com,837 Walton Alley,New York,NY,10031,5-(423)993-7307,5
483,Willie,Long,wlongde@oaic.gov.au,84308 Waubesa Park,New York,NY,10040,3-(881)593-8420,8
763,George,Long,glongl6@ask.com,1253 Coolidge Drive,New York,NY,10031,3-(528)023-2550,10
859,Tammy,Long,tlongnu@sitemeter.com,806 Superior Junction,New York,NY,10034,2-(029)551-1001,11
432,Julie,Lopez,jlopezbz@bloglovin.com,73353 Hovde Alley,New York,NY,10032,8-(942)484-8533,2
543,Gerald,Lopez,glopezf2@state.gov,15 Graedel Plaza,New York,NY,10032,8-(982)349-3742,10
548,Helen,Lopez,hlopezf7@pcworld.com,96 Nova Terrace,New York,NY,10031,7-(658)337-5746,1
670,Harry,Lopez,hlopezil@wikia.com,45737 Brown Pass,New York,NY,10033,1-(888)526-3402,8
829,Mary,Lopez,mlopezn0@utexas.edu,71800 Drewry Terrace,New York,NY,10034,4-(773)161-3227,8
194,Mark,Lynch,mlynch5d@github.io,663 Oak Valley Junction,New York,NY,10033,5-(980)852-8111,2
221,Laura,Lynch,llynch64@typepad.com,53930 Carey Pass,New York,NY,10040,6-(716)575-9056,6
330,Harold,Lynch,hlynch95@ocn.ne.jp,56 Rusk Hill,New York,NY,10031,7-(122)735-8630,9
753,Lillian,Lynch,llynchkw@nature.com,82793 Dovetail Hill,New York,NY,10031,7-(414)783-8973,2
856,Doris,Lynch,dlynchnr@google.com.br,67 1st Crossing,New York,NY,10033,6-(627)821-8599,10
18,Roy,Marshall,rmarshallh@tumblr.com,1081 Summit Alley,New York,NY,10031,1-(490)797-0540,K
128,Jason,Marshall,jmarshall3j@miibeian.gov.cn,7 Northfield Street,New York,NY,10031,3-(542)231-8312,1
445,James,Marshall,jmarshallcc@google.fr,56 Sheridan Terrace,New York,NY,10034,9-(982)492-3321,3
689,Sandra,Marshall,smarshallj4@icq.com,50059 Miller Parkway,New York,NY,10031,8-(983)930-5045,9
726,Benjamin,Marshall,bmarshallk5@jiathis.com,6924 Laurel Plaza,New York,NY,10032,6-(167)263-9913,3
108,Judith,Martin,jmartin2z@blog.com,26091 Holmberg Hill,New York,NY,10032,8-(780)865-2655,10
65,Lisa,Martinez,lmartinez1s@toplist.cz,443 International Pass,New York,NY,10040,3-(804)043-8284,5
116,Julie,Martinez,jmartinez37@bloglines.com,14 Warbler Terrace,New York,NY,10032,7-(496)641-7731,9
408,Eric,Martinez,emartinezbb@hc360.com,78402 Columbus Center,New York,NY,10033,2-(364)901-6335,3
447,Adam,Martinez,amartinezce@timesonline.co.uk,38 Rockefeller Pass,New York,NY,10040,1-(456)187-5162,6
478,Diana,Martinez,dmartinezd9@gmpg.org,351 Melby Park,New York,NY,10034,6-(833)812-8643,12
866,Julie,Martinez,jmartinezo1@springer.com,009 Crowley Trail,New York,NY,10040,5-(439)021-0639,7
341,Carolyn,Mason,cmason9g@imageshack.us,454 7th Place,New York,NY,10034,2-(206)076-4582,2
385,James,Mason,jmasonao@oaic.gov.au,05868 Green Ridge Drive,New York,NY,10032,3-(617)153-2399,5
413,Angela,Mason,amasonbg@wix.com,31 Rockefeller Street,New York,NY,10033,3-(956)824-0354,3
453,Harry,Mason,hmasonck@xing.com,64821 Norway Maple Terrace,New York,NY,10033,3-(362)869-7598,9
489,Jean,Mason,jmasondk@mozilla.com,18 Reinke Trail,New York,NY,10033,1-(189)666-9696,11
495,Charles,Mason,cmasondq@surveymonkey.com,4020 Goodland Junction,New York,NY,10032,5-(430)694-2828,4
325,Jerry,Matthews,jmatthews90@ucla.edu,92457 Hanson Hill,New York,NY,10033,0-(725)178-7629,4
468,Janice,Mccoy,jmccoycz@eepurl.com,2 Lake View Alley,New York,NY,10031,3-(186)074-1623,5
537,Aaron,Mccoy,amccoyew@shareasale.com,95961 Rockefeller Road,New York,NY,10040,9-(913)697-4351,1
144,Kevin,Mcdonald,kmcdonald3z@woothemes.com,5 Jay Court,New York,NY,10033,4-(935)352-4265,K
338,Andrew,Mcdonald,amcdonald9d@cornell.edu,035 Mifflin Pass,New York,NY,10032,6-(746)957-2948,5
436,Tina,Mcdonald,tmcdonaldc3@ameblo.jp,167 Meadow Vale Terrace,New York,NY,10034,3-(520)994-8956,6
796,Carol,Mcdonald,cmcdonaldm3@imdb.com,189 Delladonna Point,New York,NY,10040,9-(902)203-3340,5
869,Louis,Mcdonald,lmcdonaldo4@mit.edu,3 Rieder Parkway,New York,NY,10033,7-(595)853-5139,7
139,Jonathan,Medina,jmedina3u@sbwire.com,87237 Debra Junction,New York,NY,10033,6-(991)314-1946,4
227,Henry,Medina,hmedina6a@sakura.ne.jp,8 Twin Pines Point,New York,NY,10034,6-(467)694-3973,7
586,Debra,Medina,dmedinag9@symantec.com,41 Eliot Alley,New York,NY,10032,0-(550)102-0270,8
358,Amanda,Mendoza,amendoza9x@stanford.edu,3 Waubesa Terrace,New York,NY,10032,7-(651)840-5598,1
679,Brandon,Mendoza,bmendozaiu@usa.gov,9 Lindbergh Point,New York,NY,10031,8-(052)486-9966,8
830,Victor,Mendoza,vmendozan1@apple.com,6 Garrison Alley,New York,NY,10032,1-(010)247-9352,3
877,Jason,Mendoza,jmendozaoc@tripod.com,5245 Oak Trail,New York,NY,10040,5-(556)963-7459,8
280,Julia,Meyer,jmeyer7r@goodreads.com,1748 Rigney Park,New York,NY,10034,3-(016)672-9455,10
560,Rebecca,Meyer,rmeyerfj@exblog.jp,97 Grasskamp Avenue,New York,NY,10032,9-(332)302-6938,5
857,Arthur,Meyer,ameyerns@nsw.gov.au,70 Tennyson Lane,New York,NY,10031,9-(774)471-8988,1
860,Juan,Meyer,jmeyernv@ustream.tv,1424 Glendale Road,New York,NY,10032,8-(062)580-6281,11
80,Dorothy,Miller,dmiller27@slashdot.org,791 Spenser Way,New York,NY,10040,5-(847)904-1564,2
500,Ryan,Miller,rmillerdv@topsy.com,682 Morningstar Way,New York,NY,10033,4-(434)093-1975,11
513,Tammy,Miller,tmillere8@ft.com,05 Hoard Road,New York,NY,10033,5-(208)297-7584,10
808,Nicholas,Miller,nmillermf@sciencedaily.com,5884 Tony Hill,New York,NY,10040,2-(191)774-3020,7
834,Justin,Miller,jmillern5@delicious.com,243 Oakridge Road,New York,NY,10033,2-(353)237-6576,12
844,Judy,Miller,jmillernf@mtv.com,61 Tomscot Terrace,New York,NY,10031,5-(712)147-5107,5
888,Janice,Miller,jmilleron@icio.us,2381 Oakridge Park,New York,NY,10040,8-(099)308-5119,3
74,Janet,Mills,jmills21@fotki.com,2111 Scott Parkway,New York,NY,10033,7-(216)587-3105,K
75,Bobby,Mills,bmills22@irs.gov,8 Debra Point,New York,NY,10040,9-(504)665-1097,9
79,Albert,Mills,amills26@house.gov,48 Tony Road,New York,NY,10034,9-(238)437-1334,1
189,David,Mills,dmills58@jugem.jp,711 Larry Point,New York,NY,10031,8-(640)498-3633,10
218,Christopher,Mills,cmills61@gizmodo.com,423 Browning Point,New York,NY,10031,1-(389)930-2444,9
351,Aaron,Mills,amills9q@stumbleupon.com,67 Kingsford Hill,New York,NY,10033,8-(506)567-0165,1
355,Matthew,Mills,mmills9u@hatena.ne.jp,59 Basil Terrace,New York,NY,10040,1-(538)073-9923,4
722,Craig,Mills,cmillsk1@japanpost.jp,3247 Tomscot Plaza,New York,NY,10034,1-(683)192-7150,7
805,Linda,Mills,lmillsmc@army.mil,729 Cascade Place,New York,NY,10033,5-(312)424-5083,7
99,Jane,Mitchell,jmitchell2q@blogger.com,0296 Mockingbird Hill,New York,NY,10033,7-(963)920-9655,1
215,Cynthia,Mitchell,cmitchell5y@patch.com,4 Randy Junction,New York,NY,10032,1-(963)672-1486,3
733,Frank,Montgomery,fmontgomerykc@sphinn.com,574 Schlimgen Alley,New York,NY,10031,0-(452)041-9945,7
527,Mary,Moore,mmooreem@apple.com,19881 Sutteridge Drive,New York,NY,10034,1-(875)222-5656,11
768,Jesse,Moore,jmoorelb@barnesandnoble.com,26486 Blaine Parkway,New York,NY,10033,1-(048)118-5397,1
145,Daniel,Morales,dmorales40@dedecms.com,7 Di Loreto Park,New York,NY,10040,4-(041)369-4236,2
206,Mildred,Morales,mmorales5p@vimeo.com,7 Oakridge Drive,New York,NY,10031,9-(445)118-8486,8
343,Dorothy,Morales,dmorales9i@fema.gov,6 Butterfield Crossing,New York,NY,10032,7-(374)719-7517,12
475,Kevin,Morales,kmoralesd6@photobucket.com,048 Northland Terrace,New York,NY,10031,7-(024)698-7170,K
713,Adam,Morales,amoralesjs@friendfeed.com,368 Bashford Pass,New York,NY,10033,4-(025)292-4092,2
813,Bobby,Morales,bmoralesmk@imgur.com,0 Donald Place,New York,NY,10031,2-(944)821-2491,6
96,Peter,Moreno,pmoreno2n@yellowpages.com,131 Susan Center,New York,NY,10034,3-(118)439-0396,2
669,Shawn,Moreno,smorenoik@histats.com,54379 East Way,New York,NY,10031,7-(410)597-5376,2
836,Patrick,Moreno,pmorenon7@blogtalkradio.com,3184 Veith Plaza,New York,NY,10033,1-(660)379-3139,1
98,Phillip,Morgan,pmorgan2p@paginegialle.it,55194 Mitchell Alley,New York,NY,10034,1-(666)987-3245,10
146,Sandra,Morgan,smorgan41@g.co,0590 Kinsman Place,New York,NY,10031,7-(372)908-3569,1
340,Kathy,Morgan,kmorgan9f@soup.io,03906 Sunbrook Parkway,New York,NY,10033,8-(712)077-9492,3
572,Maria,Morgan,mmorganfv@amazonaws.com,6445 Reindahl Street,New York,NY,10034,8-(047)592-3620,7
634,Keith,Morgan,kmorganhl@blogs.com,804 8th Lane,New York,NY,10031,0-(880)213-4625,3
716,Virginia,Morgan,vmorganjv@oaic.gov.au,74 Dryden Pass,New York,NY,10033,7-(637)625-6616,8
86,Eugene,Morris,emorris2d@sogou.com,7 Utah Avenue,New York,NY,10031,3-(776)773-5608,11
352,Arthur,Morris,amorris9r@wikispaces.com,03169 Fairview Alley,New York,NY,10040,5-(605)679-7478,5
619,Lawrence,Morris,lmorrish6@vinaora.com,0712 Bartelt Avenue,New York,NY,10033,9-(944)539-1439,7
823,Raymond,Morris,rmorrismu@technorati.com,69 Lunder Junction,New York,NY,10040,1-(065)420-8256,11
212,Sara,Morrison,smorrison5v@barnesandnoble.com,79 Parkside Plaza,New York,NY,10031,6-(255)354-1220,K
24,Gerald,Murphy,gmurphyn@jugem.jp,1711 Rowland Drive,New York,NY,10032,6-(860)759-8944,4
180,Doris,Murphy,dmurphy4z@sakura.ne.jp,244 Anzinger Alley,New York,NY,10034,3-(202)260-8670,4
327,Donna,Murphy,dmurphy92@joomla.org,1 Elka Park,New York,NY,10031,1-(162)335-0454,2
520,Russell,Murphy,rmurphyef@redcross.org,5 Goodland Center,New York,NY,10040,9-(656)663-6447,5
715,Gregory,Murray,gmurrayju@theglobeandmail.com,7 Waubesa Hill,New York,NY,10040,5-(964)658-2501,K
92,Martin,Myers,mmyers2j@illinois.edu,6201 Southridge Center,New York,NY,10031,5-(248)315-5112,11
331,Rachel,Myers,rmyers96@ftc.gov,177 Kim Alley,New York,NY,10040,4-(229)708-7856,7
502,Sarah,Myers,smyersdx@typepad.com,45 Drewry Hill,New York,NY,10031,6-(410)901-7515,4
782,Alan,Myers,amyerslp@guardian.co.uk,5 Merry Place,New York,NY,10031,8-(310)038-4794,10
161,Rose,Nelson,rnelson4g@xrea.com,2020 Badeau Alley,New York,NY,10033,4-(945)759-7539,9
186,Mary,Nelson,mnelson55@phoca.cz,194 Derek Avenue,New York,NY,10032,6-(087)594-4268,8
252,Catherine,Nelson,cnelson6z@skype.com,0 Bluejay Place,New York,NY,10032,7-(448)029-0392,12
271,Sandra,Nelson,snelson7i@google.nl,40 Hoepker Park,New York,NY,10032,6-(738)923-5441,K
295,Scott,Nelson,snelson86@gnu.org,947 Pearson Avenue,New York,NY,10033,8-(437)550-6146,9
349,Randy,Nelson,rnelson9o@weebly.com,28967 Buhler Hill,New York,NY,10033,4-(287)610-8333,3
378,Gloria,Nelson,gnelsonah@hc360.com,899 Crest Line Park,New York,NY,10032,6-(374)002-2313,12
559,Stephen,Nelson,snelsonfi@dailymotion.com,413 Cody Avenue,New York,NY,10034,1-(066)127-3675,4
731,Joe,Nelson,jnelsonka@ask.com,7204 Columbus Place,New York,NY,10032,5-(175)921-3794,8
288,Rachel,Nguyen,rnguyen7z@cornell.edu,39943 Oakridge Parkway,New York,NY,10032,0-(306)393-2181,9
637,Norma,Nichols,nnicholsho@yelp.com,2565 Buhler Circle,New York,NY,10033,9-(459)019-8809,8
434,Joshua,Oliver,joliverc1@newsvine.com,259 Melody Avenue,New York,NY,10033,7-(231)586-1676,1
677,John,Oliver,joliveris@twitter.com,43 Carey Crossing,New York,NY,10032,9-(522)133-7564,5
54,Christine,Olson,colson1h@bluehost.com,823 Vermont Trail,New York,NY,10033,5-(346)179-8442,1
156,Rebecca,Olson,rolson4b@army.mil,2070 Straubel Terrace,New York,NY,10031,7-(442)671-6505,10
472,Teresa,Olson,tolsond3@soundcloud.com,45 Barnett Plaza,New York,NY,10040,9-(824)418-0239,K
624,Judy,Olson,jolsonhb@fema.gov,75882 Washington Point,New York,NY,10040,1-(183)423-9925,4
183,Ernest,Ortiz,eortiz52@dropbox.com,3 Cordelia Circle,New York,NY,10031,4-(259)797-9307,11
266,Roy,Ortiz,rortiz7d@woothemes.com,4029 Artisan Street,New York,NY,10040,7-(081)497-2502,8
272,Carolyn,Owens,cowens7j@desdev.cn,2980 Mariners Cove Pass,New York,NY,10040,6-(724)229-3950,3
481,Richard,Owens,rowensdc@merriam-webster.com,7359 Division Alley,New York,NY,10031,2-(139)918-8807,4
66,Wanda,Palmer,wpalmer1t@chron.com,1 Village Green Junction,New York,NY,10031,0-(539)765-3669,K
192,Margaret,Palmer,mpalmer5b@eepurl.com,67 Lukken Road,New York,NY,10040,3-(464)162-6835,2
754,Bonnie,Palmer,bpalmerkx@scribd.com,843 Village Place,New York,NY,10034,4-(348)015-8006,1
47,Ernest,Parker,eparker1a@utexas.edu,1 West Court,New York,NY,10033,6-(834)835-9409,5
328,Amanda,Patterson,apatterson93@furl.net,1 Elka Street,New York,NY,10032,0-(654)172-6739,6
633,Daniel,Patterson,dpattersonhk@nps.gov,76 Gateway Pass,New York,NY,10034,5-(518)350-7412,5
190,Bobby,Payne,bpayne59@noaa.gov,834 Oneill Avenue,New York,NY,10033,9-(911)671-9650,4
314,Mildred,Payne,mpayne8p@wordpress.com,2 Randy Lane,New York,NY,10034,5-(198)245-1927,7
626,Donna,Payne,dpaynehd@washingtonpost.com,74236 Rockefeller Pass,New York,NY,10034,1-(179)697-3397,K
38,Catherine,Perez,cperez11@wordpress.org,077 Sullivan Place,New York,NY,10034,1-(651)854-4898,9
52,Deborah,Perez,dperez1f@nsw.gov.au,96632 Blue Bill Park Trail,New York,NY,10033,9-(607)253-3338,5
366,Wayne,Perez,wpereza5@sourceforge.net,45 Northland Road,New York,NY,10040,5-(034)746-0672,6
607,Lois,Perez,lperezgu@acquirethisname.com,75350 American Ash Avenue,New York,NY,10031,8-(898)235-8426,5
662,Frances,Perez,fperezid@soup.io,9640 Arapahoe Street,New York,NY,10034,8-(244)149-8061,8
72,Eugene,Perkins,eperkins1z@wiley.com,255 Johnson Crossing,New York,NY,10031,5-(497)377-5373,10
153,Elizabeth,Perkins,eperkins48@themeforest.net,99 Fairfield Avenue,New York,NY,10032,7-(839)543-7282,12
298,Teresa,Perkins,tperkins89@1und1.de,9703 Huxley Parkway,New York,NY,10034,2-(873)054-8481,8
563,Kelly,Perkins,kperkinsfm@house.gov,2 Sachs Street,New York,NY,10031,7-(516)854-5067,12
659,Juan,Perkins,jperkinsia@hubpages.com,4174 Bobwhite Court,New York,NY,10032,1-(904)187-3161,7
725,Sara,Perkins,sperkinsk4@mozilla.com,082 Grover Court,New York,NY,10040,7-(798)356-2247,7
785,Paula,Perkins,pperkinsls@e-recht24.de,2167 Nobel Center,New York,NY,10032,3-(147)964-7850,11
863,Patrick,Perkins,pperkinsny@nasa.gov,0951 Hazelcrest Crossing,New York,NY,10031,2-(246)427-9111,4
458,Emily,Perry,eperrycp@fema.gov,6360 Thierer Way,New York,NY,10031,5-(052)874-6227,2
686,Nancy,Perry,nperryj1@nps.gov,7733 Summer Ridge Point,New York,NY,10040,4-(707)245-2636,12
742,Frank,Peters,fpeterskl@spiegel.de,945 Westridge Park,New York,NY,10033,4-(444)620-3637,9
769,Melissa,Peters,mpeterslc@gizmodo.com,58748 Stephen Crossing,New York,NY,10033,2-(245)953-9640,8
818,Marie,Peters,mpetersmp@mysql.com,6453 Harbort Lane,New York,NY,10034,5-(460)553-7513,11
14,Nicholas,Peterson,npetersond@mac.com,4579 Pond Drive,New York,NY,10034,2-(833)674-9049,5
27,Donna,Peterson,dpetersonq@cyberchimps.com,77460 Carberry Park,New York,NY,10032,0-(247)377-6716,3
367,Ronald,Peterson,rpetersona6@last.fm,02922 Victoria Avenue,New York,NY,10031,3-(912)935-7502,10
371,Ernest,Peterson,epetersonaa@nhs.uk,7552 Grover Circle,New York,NY,10031,6-(550)440-0131,10
398,Phillip,Peterson,ppetersonb1@qq.com,60 Dakota Street,New York,NY,10034,7-(298)847-9197,11
403,Howard,Peterson,hpetersonb6@npr.org,0 Algoma Terrace,New York,NY,10033,2-(091)385-3443,11
381,Ryan,Phillips,rphillipsak@bigcartel.com,95 Dawn Parkway,New York,NY,10033,4-(418)199-4317,K
688,John,Phillips,jphillipsj3@example.com,5 Lunder Hill,New York,NY,10034,4-(508)708-3394,5
692,Sean,Phillips,sphillipsj7@opera.com,748 Thierer Avenue,New York,NY,10034,1-(918)084-8148,9
728,Theresa,Phillips,tphillipsk7@shutterfly.com,64 Summerview Pass,New York,NY,10034,4-(483)278-4124,10
130,Lawrence,Pierce,lpierce3l@ocn.ne.jp,98 Northfield Junction,New York,NY,10032,9-(629)548-9826,11
348,Bonnie,Pierce,bpierce9n@fotki.com,27 Spohn Circle,New York,NY,10031,0-(548)415-1767,9
435,Linda,Pierce,lpiercec2@usda.gov,040 Union Crossing,New York,NY,10040,1-(224)844-8645,10
31,Adam,Porter,aporteru@acquirethisname.com,7663 Hauk Plaza,New York,NY,10040,5-(486)799-9554,6
291,Patrick,Porter,pporter82@tinyurl.com,89 Loomis Pass,New York,NY,10034,1-(867)510-5620,8
307,Diane,Porter,dporter8i@cdc.gov,1540 Prairieview Road,New York,NY,10040,3-(577)871-4713,2
610,Judy,Porter,jportergx@google.de,57918 Blaine Crossing,New York,NY,10040,4-(259)354-5713,12
43,Todd,Powell,tpowell16@youtube.com,203 Wayridge Hill,New York,NY,10034,4-(832)921-8021,4
589,Sean,Powell,spowellgc@google.com.br,52 Gulseth Avenue,New York,NY,10040,8-(174)073-6539,1
671,Clarence,Powell,cpowellim@cbslocal.com,5 Helena Park,New York,NY,10032,2-(451)787-2320,10
849,Paula,Powell,ppowellnk@utexas.edu,226 Butterfield Plaza,New York,NY,10033,2-(671)513-1402,10
162,Norma,Price,nprice4h@printfriendly.com,7524 Corben Avenue,New York,NY,10031,9-(189)165-5740,4
219,Nancy,Price,nprice62@irs.gov,71088 Sutherland Circle,New York,NY,10032,4-(514)398-8234,3
260,Harold,Price,hprice77@paginegialle.it,60325 Oxford Avenue,New York,NY,10034,2-(635)356-4161,2
399,Annie,Price,apriceb2@wikia.com,4388 Onsgard Point,New York,NY,10034,5-(119)843-2095,K
451,Judy,Price,jpriceci@pinterest.com,0075 Heath Road,New York,NY,10033,7-(846)309-5503,6
185,Diana,Ramirez,dramirez54@digg.com,0 Clarendon Junction,New York,NY,10034,3-(874)467-9314,12
517,Earl,Ramirez,eramirezec@sun.com,8826 Gulseth Parkway,New York,NY,10032,8-(137)865-7174,5
1,Lawrence,Ramos,lramos0@army.mil,5792 Warrior Junction,New York,NY,10040,9-(985)441-0302,5
780,Joyce,Ramos,jramosln@ehow.com,84105 Tennyson Trail,New York,NY,10031,3-(915)798-5139,9
5,Victor,Ray,vray4@omniture.com,9782 Boyd Pass,New York,NY,10033,3-(055)561-6548,6
217,Christopher,Ray,cray60@shinystat.com,6 Butternut Terrace,New York,NY,10032,6-(091)310-3638,2
236,Kimberly,Ray,kray6j@washingtonpost.com,9966 Gulseth Trail,New York,NY,10040,9-(314)133-5330,12
553,Gary,Ray,grayfc@list-manage.com,12 Pankratz Point,New York,NY,10033,1-(477)742-7935,10
564,Beverly,Ray,brayfn@hao123.com,8231 Carpenter Circle,New York,NY,10031,7-(560)354-4724,6
774,Jason,Ray,jraylh@answers.com,6 American Ash Court,New York,NY,10034,4-(109)705-6789,9
17,Debra,Reed,dreedg@qq.com,2 Warbler Avenue,New York,NY,10034,5-(616)547-5119,4
238,Louise,Reed,lreed6l@bbb.org,478 Petterle Drive,New York,NY,10032,5-(660)743-4030,7
304,Ruby,Reed,rreed8f@tripod.com,88 Knutson Crossing,New York,NY,10040,3-(767)623-9655,5
833,Aaron,Reed,areedn4@spotify.com,4 Katie Avenue,New York,NY,10033,3-(791)784-1855,12
159,Maria,Reid,mreid4e@last.fm,024 Sachtjen Parkway,New York,NY,10040,9-(205)931-0370,8
187,Nicholas,Reid,nreid56@reverbnation.com,55480 Hermina Drive,New York,NY,10031,0-(507)256-6109,K
336,Randy,Reid,rreid9b@samsung.com,242 Blaine Hill,New York,NY,10031,3-(271)793-2783,12
412,Teresa,Reid,treidbf@msn.com,599 Anniversary Alley,New York,NY,10033,4-(113)092-8590,K
479,Howard,Reid,hreidda@ow.ly,84 Village Plaza,New York,NY,10033,5-(913)391-2196,2
525,David,Reid,dreidek@stanford.edu,12770 Sugar Terrace,New York,NY,10033,1-(432)959-7481,3
685,Jean,Reid,jreidj0@posterous.com,16 Judy Plaza,New York,NY,10031,1-(252)565-6767,1
22,Fred,Reyes,freyesl@i2i.jp,88980 Menomonie Crossing,New York,NY,10032,2-(889)857-4446,6
77,Emily,Reyes,ereyes24@blinklist.com,11776 Starling Parkway,New York,NY,10031,5-(332)334-0284,10
487,Lois,Reyes,lreyesdi@cisco.com,49 Petterle Point,New York,NY,10033,4-(912)556-9469,11
776,Cynthia,Reyes,creyeslj@wisc.edu,87907 Cordelia Court,New York,NY,10040,2-(440)623-4017,12
239,Christopher,Reynolds,creynolds6m@java.com,2 3rd Point,New York,NY,10031,6-(318)034-0251,7
579,Debra,Reynolds,dreynoldsg2@dailymail.co.uk,33367 Debra Point,New York,NY,10031,4-(444)295-9238,2
593,Aaron,Reynolds,areynoldsgg@xinhuanet.com,91 Moulton Crossing,New York,NY,10031,7-(063)114-4901,5
123,Christina,Rice,crice3e@clickbank.net,27001 Lakewood Junction,New York,NY,10033,7-(785)467-7963,2
306,Barbara,Rice,brice8h@nyu.edu,616 Muir Way,New York,NY,10040,5-(846)686-0121,7
313,Mildred,Rice,mrice8o@yellowpages.com,9325 Colorado Street,New York,NY,10040,1-(420)586-2017,3
466,Tammy,Rice,tricecx@smugmug.com,3378 Laurel Road,New York,NY,10031,7-(811)250-3128,8
470,Christine,Rice,criced1@ucla.edu,327 Bobwhite Junction,New York,NY,10031,3-(111)044-8129,10
499,Carl,Rice,cricedu@army.mil,460 Mccormick Hill,New York,NY,10033,3-(442)736-1078,K
697,Mary,Rice,mricejc@printfriendly.com,41724 Luster Place,New York,NY,10032,0-(099)624-5599,6
277,Joshua,Richards,jrichards7o@stumbleupon.com,9313 New Castle Park,New York,NY,10034,5-(717)939-6879,5
372,David,Richards,drichardsab@oaic.gov.au,7 Victoria Circle,New York,NY,10040,0-(005)934-2021,5
687,Jerry,Richards,jrichardsj2@tinypic.com,61 Butternut Center,New York,NY,10032,7-(715)022-7900,11
840,Anne,Richards,arichardsnb@berkeley.edu,6650 Fieldstone Circle,New York,NY,10034,8-(372)005-1812,9
16,Mildred,Richardson,mrichardsonf@woothemes.com,5 Carioca Court,New York,NY,10040,7-(952)339-5457,8
126,Martha,Richardson,mrichardson3h@sphinn.com,38 Meadow Vale Point,New York,NY,10032,9-(986)561-2622,8
225,Sean,Richardson,srichardson68@shutterfly.com,1662 Comanche Street,New York,NY,10031,9-(828)387-7372,12
246,Frank,Richardson,frichardson6t@tinypic.com,75357 Glendale Street,New York,NY,10031,4-(407)251-4876,11
382,Anna,Richardson,arichardsonal@wikispaces.com,7 Magdeline Center,New York,NY,10033,4-(299)819-9727,5
580,Roy,Richardson,rrichardsong3@w3.org,70161 Sheridan Alley,New York,NY,10040,9-(435)936-4229,1
658,Helen,Richardson,hrichardsoni9@dropbox.com,3847 Buell Crossing,New York,NY,10032,6-(400)769-8977,8
874,Cheryl,Richardson,crichardsono9@elegantthemes.com,980 Northland Park,New York,NY,10034,6-(056)436-9860,9
363,Mildred,Riley,mrileya2@linkedin.com,6659 Corry Center,New York,NY,10040,1-(196)926-5329,K
727,Anne,Riley,arileyk6@is.gd,1 Atwood Way,New York,NY,10033,1-(228)143-9540,5
809,Louis,Riley,lrileymg@blog.com,16 Butternut Terrace,New York,NY,10032,5-(596)780-8808,3
21,Billy,Rivera,briverak@irs.gov,253 Esch Pass,New York,NY,10040,8-(936)429-3489,8
184,Clarence,Rivera,crivera53@adobe.com,7 Barby Point,New York,NY,10040,1-(957)033-7053,2
409,Steven,Roberts,srobertsbc@angelfire.com,76987 Monument Road,New York,NY,10034,1-(131)788-6113,9
535,Roger,Roberts,rrobertseu@newsvine.com,35850 Kings Crossing,New York,NY,10032,9-(122)750-0760,K
690,Susan,Roberts,srobertsj5@themeforest.net,72181 Spohn Avenue,New York,NY,10032,7-(031)244-5011,9
253,Johnny,Robertson,jrobertson70@dell.com,9 Fulton Center,New York,NY,10040,5-(237)924-7777,9
828,William,Robertson,wrobertsonmz@blogs.com,23 Fieldstone Road,New York,NY,10032,1-(475)338-9139,11
858,Marilyn,Robertson,mrobertsonnt@deliciousdays.com,613 Mallard Terrace,New York,NY,10034,6-(110)468-3747,11
292,Irene,Robinson,irobinson83@bigcartel.com,8632 Green Ridge Crossing,New York,NY,10031,8-(813)628-0857,10
488,Samuel,Robinson,srobinsondj@engadget.com,4 Arrowood Circle,New York,NY,10034,5-(465)949-3879,K
581,Kimberly,Robinson,krobinsong4@g.co,33 Welch Place,New York,NY,10031,5-(547)708-2163,1
678,Frank,Robinson,frobinsonit@opensource.org,6362 Delladonna Street,New York,NY,10034,1-(285)766-6497,9
821,Kathryn,Robinson,krobinsonms@apache.org,350 Dwight Street,New York,NY,10034,8-(007)669-0834,3
57,Helen,Rodriguez,hrodriguez1k@cisco.com,59 Merrick Place,New York,NY,10031,2-(627)851-4692,1
106,Virginia,Rodriguez,vrodriguez2x@icq.com,772 Parkside Court,New York,NY,10033,4-(965)840-8193,9
168,Teresa,Rodriguez,trodriguez4n@cocolog-nifty.com,1910 Hudson Park,New York,NY,10032,9-(635)093-5044,1
666,Jason,Rodriguez,jrodriguezih@businessinsider.com,40453 Elgar Road,New York,NY,10040,3-(596)819-0647,12
682,Donald,Rodriguez,drodriguezix@utexas.edu,149 Sugar Lane,New York,NY,10040,7-(942)578-4376,9
522,Randy,Rogers,rrogerseh@youku.com,0 Claremont Place,New York,NY,10040,6-(820)371-6769,6
665,Jean,Rogers,jrogersig@gravatar.com,1628 North Drive,New York,NY,10032,1-(872)415-3196,7
105,Matthew,Romero,mromero2w@samsung.com,209 Anzinger Parkway,New York,NY,10032,5-(802)620-5215,12
285,Kathleen,Romero,kromero7w@unicef.org,9682 Bluejay Trail,New York,NY,10033,8-(955)937-7455,3
430,Nancy,Romero,nromerobx@weather.com,09 Cardinal Junction,New York,NY,10032,4-(061)986-2786,12
497,Ryan,Romero,rromerods@hhs.gov,25684 Arkansas Crossing,New York,NY,10032,5-(530)256-1704,3
875,Steven,Romero,sromerooa@freewebs.com,3 Dorton Drive,New York,NY,10034,6-(032)047-2427,2
273,Victor,Rose,vrose7k@springer.com,04 Lyons Drive,New York,NY,10040,2-(620)913-6564,K
788,Rebecca,Rose,rroselv@163.com,45756 Westend Drive,New York,NY,10034,8-(874)245-7542,11
540,Howard,Ruiz,hruizez@so-net.ne.jp,30 Walton Park,New York,NY,10031,7-(570)994-2432,4
865,Lawrence,Ruiz,lruizo0@discuz.net,5 Shopko Way,New York,NY,10033,7-(591)373-2771,12
557,Willie,Russell,wrussellfg@mashable.com,40 Helena Street,New York,NY,10040,2-(189)683-6123,11
361,Dorothy,Ryan,dryana0@etsy.com,372 Talmadge Court,New York,NY,10031,1-(937)619-7463,7
745,Tina,Ryan,tryanko@skyrock.com,762 Crest Line Terrace,New York,NY,10040,6-(703)203-8050,3
59,Juan,Sanchez,jsanchez1m@opera.com,3049 Crescent Oaks Junction,New York,NY,10031,4-(752)424-9061,5
93,Bruce,Sanchez,bsanchez2k@squarespace.com,081 Grasskamp Hill,New York,NY,10032,9-(039)742-5918,11
120,Donna,Sanchez,dsanchez3b@economist.com,3743 Jenna Drive,New York,NY,10031,9-(426)560-3540,11
862,Phyllis,Sanchez,psancheznx@wisc.edu,1 2nd Point,New York,NY,10031,7-(588)589-2309,11
870,Debra,Sanchez,dsanchezo5@sun.com,6 Center Lane,New York,NY,10033,2-(836)042-6311,3
431,Christine,Sanders,csandersby@blogtalkradio.com,51 Hoard Terrace,New York,NY,10031,0-(824)962-5363,4
438,Clarence,Sanders,csandersc5@spiegel.de,366 Transport Avenue,New York,NY,10040,0-(679)912-7788,1
462,Jacqueline,Sanders,jsandersct@ezinearticles.com,393 Barby Alley,New York,NY,10031,7-(407)268-2297,6
756,Phyllis,Sanders,psanderskz@privacy.gov.au,7104 Magdeline Lane,New York,NY,10034,2-(412)804-0466,11
842,Mark,Sanders,msandersnd@oakley.com,5348 Village Green Road,New York,NY,10040,3-(295)498-0816,2
529,Ashley,Schmidt,aschmidteo@zdnet.com,29426 8th Point,New York,NY,10033,1-(597)674-3125,2
638,Peter,Schmidt,pschmidthp@who.int,4830 Hallows Place,New York,NY,10033,4-(044)897-6549,4
701,Angela,Schmidt,aschmidtjg@desdev.cn,2 Cambridge Place,New York,NY,10040,9-(268)529-4359,12
819,Victor,Schmidt,vschmidtmq@4shared.com,73 Cambridge Trail,New York,NY,10034,5-(816)756-6035,10
122,Eric,Scott,escott3d@cdc.gov,7 Raven Alley,New York,NY,10034,9-(133)247-5106,3
369,Helen,Scott,hscotta8@diigo.com,1 Westend Park,New York,NY,10032,3-(082)185-2154,1
509,Ryan,Scott,rscotte4@yellowpages.com,101 Butterfield Park,New York,NY,10031,9-(413)448-4946,5
673,Howard,Scott,hscottio@howstuffworks.com,7 Westport Road,New York,NY,10033,6-(302)326-0825,9
58,Joyce,Shaw,jshaw1l@time.com,66 Gerald Court,New York,NY,10031,5-(777)221-6540,7
73,Richard,Shaw,rshaw20@usda.gov,36520 Twin Pines Road,New York,NY,10034,1-(568)017-9767,7
113,Christina,Shaw,cshaw34@rambler.ru,825 Ilene Street,New York,NY,10031,7-(766)801-2444,6
233,Ralph,Shaw,rshaw6g@histats.com,80 Eastlawn Road,New York,NY,10034,9-(978)191-4354,5
344,Theresa,Shaw,tshaw9j@google.de,7841 Iowa Place,New York,NY,10031,4-(698)917-8198,8
571,Dorothy,Shaw,dshawfu@chicagotribune.com,91 Caliangt Drive,New York,NY,10032,6-(688)054-4646,6
657,Robin,Shaw,rshawi8@tinypic.com,629 Oakridge Lane,New York,NY,10040,4-(225)709-3324,10
672,Christina,Shaw,cshawin@umich.edu,392 Chive Park,New York,NY,10033,2-(063)856-4551,10
78,Beverly,Simmons,bsimmons25@nih.gov,91 Summer Ridge Junction,New York,NY,10034,5-(179)751-4557,10
282,Louis,Simmons,lsimmons7t@foxnews.com,54 Browning Road,New York,NY,10031,7-(403)240-0264,10
464,Patrick,Simmons,psimmonscv@epa.gov,309 Warner Circle,New York,NY,10040,5-(144)302-1578,12
473,Cheryl,Simmons,csimmonsd4@aboutads.info,4584 Blaine Point,New York,NY,10032,2-(833)273-6496,5
629,Jerry,Simmons,jsimmonshg@taobao.com,6902 Montana Terrace,New York,NY,10040,2-(935)991-9110,11
641,Jeremy,Simmons,jsimmonshs@ibm.com,7836 Prairie Rose Point,New York,NY,10040,0-(235)298-7202,K
897,Barbara,Simmons,bsimmonsow@devhub.com,85 Fremont Street,New York,NY,10034,5-(787)876-5340,6
85,Melissa,Simpson,msimpson2c@e-recht24.de,6251 Utah Hill,New York,NY,10031,7-(126)478-7421,K
129,Sara,Simpson,ssimpson3k@amazon.com,9854 Westend Parkway,New York,NY,10032,4-(283)413-6062,5
147,Steven,Simpson,ssimpson42@nature.com,1 4th Center,New York,NY,10040,6-(335)376-4410,7
204,Karen,Simpson,ksimpson5n@guardian.co.uk,4 Rockefeller Circle,New York,NY,10033,6-(670)479-2917,8
216,Andrew,Simpson,asimpson5z@joomla.org,04810 Fieldstone Trail,New York,NY,10034,0-(679)332-4130,5
394,Kimberly,Simpson,ksimpsonax@who.int,12 Boyd Hill,New York,NY,10033,8-(494)099-8833,12
712,Jack,Simpson,jsimpsonjr@spotify.com,12091 Tennyson Park,New York,NY,10033,4-(549)187-2214,6
720,Lawrence,Simpson,lsimpsonjz@cnbc.com,06521 Pennsylvania Court,New York,NY,10033,8-(365)227-9996,11
848,Matthew,Simpson,msimpsonnj@live.com,10 Eagan Hill,New York,NY,10031,4-(541)655-1423,2
158,Janet,Sims,jsims4d@pen.io,24 Elmside Drive,New York,NY,10033,6-(136)285-8064,K
178,Jason,Sims,jsims4x@trellian.com,5974 Lindbergh Point,New York,NY,10032,6-(541)783-2590,9
311,Julie,Sims,jsims8m@cam.ac.uk,4 Erie Crossing,New York,NY,10032,8-(135)710-7017,11
496,Christine,Sims,csimsdr@goodreads.com,66 Division Alley,New York,NY,10032,0-(628)044-0276,10
569,Sean,Sims,ssimsfs@prweb.com,475 Luster Drive,New York,NY,10040,7-(477)863-0079,K
596,Diane,Sims,dsimsgj@alexa.com,9 Iowa Terrace,New York,NY,10031,2-(390)742-2445,8
598,Christina,Sims,csimsgl@jalbum.net,9 Ilene Parkway,New York,NY,10034,1-(531)189-1078,1
747,Diana,Sims,dsimskq@thetimes.co.uk,4 Eastwood Lane,New York,NY,10031,3-(785)940-0058,4
550,Teresa,Smith,tsmithf9@youtu.be,076 Lillian Hill,New York,NY,10034,1-(185)648-8047,6
878,Debra,Smith,dsmithod@photobucket.com,690 Banding Street,New York,NY,10033,5-(595)070-1621,8
112,Justin,Snyder,jsnyder33@redcross.org,9109 Helena Alley,New York,NY,10034,9-(654)054-7465,3
207,Philip,Snyder,psnyder5q@berkeley.edu,056 Columbus Junction,New York,NY,10033,0-(608)293-1211,4
264,Lori,Snyder,lsnyder7b@prweb.com,17 Ryan Drive,New York,NY,10034,0-(870)166-4241,4
642,Robin,Snyder,rsnyderht@weibo.com,99 Grover Drive,New York,NY,10034,5-(628)779-4770,2
49,Jacqueline,Spencer,jspencer1c@bbc.co.uk,668 Rieder Place,New York,NY,10040,6-(369)566-8025,4
163,Carol,Spencer,cspencer4i@ucla.edu,9707 Del Mar Pass,New York,NY,10031,2-(098)299-7911,K
510,Elizabeth,Spencer,espencere5@flickr.com,408 Morrow Center,New York,NY,10040,7-(176)741-5343,9
437,Beverly,Stanley,bstanleyc4@sogou.com,886 Coolidge Hill,New York,NY,10032,8-(423)047-0635,10
530,Martha,Stanley,mstanleyep@pcworld.com,5 Del Sol Road,New York,NY,10032,2-(884)306-1905,11
644,Annie,Stanley,astanleyhv@blogger.com,98 Scoville Pass,New York,NY,10033,2-(315)746-5137,10
247,Katherine,Stephens,kstephens6u@example.com,336 Debra Pass,New York,NY,10031,8-(333)821-1543,3
477,Robin,Stephens,rstephensd8@google.co.uk,89494 Fulton Drive,New York,NY,10031,5-(918)264-5863,5
482,Clarence,Stephens,cstephensdd@bloomberg.com,6 Holy Cross Plaza,New York,NY,10040,0-(839)025-0220,1
544,Adam,Stephens,astephensf3@miitbeian.gov.cn,19712 Fallview Circle,New York,NY,10032,2-(035)221-6176,2
704,Brian,Stephens,bstephensjj@unblog.fr,46441 Clemons Trail,New York,NY,10033,7-(901)044-7143,2
825,Louise,Stephens,lstephensmw@ow.ly,66684 Nelson Terrace,New York,NY,10033,6-(081)790-1067,9
169,Sara,Stevens,sstevens4o@mlb.com,5298 Clove Plaza,New York,NY,10033,9-(982)515-6599,8
387,Jack,Stevens,jstevensaq@flickr.com,6 Clemons Hill,New York,NY,10034,4-(884)487-7627,9
425,Arthur,Stevens,astevensbs@printfriendly.com,03 Eastwood Center,New York,NY,10040,5-(368)640-5177,K
643,Sandra,Stevens,sstevenshu@theguardian.com,6266 Porter Park,New York,NY,10032,9-(405)081-3148,11
69,Shirley,Stone,sstone1w@geocities.jp,5 Hoepker Crossing,New York,NY,10031,0-(116)382-6080,K
562,Mary,Stone,mstonefl@facebook.com,7422 Linden Plaza,New York,NY,10031,3-(393)097-9064,11
568,Diane,Stone,dstonefr@craigslist.org,81 Scofield Place,New York,NY,10034,6-(469)808-4543,2
660,Annie,Stone,astoneib@geocities.com,1 Ludington Pass,New York,NY,10032,4-(574)107-5051,8
587,Sarah,Sullivan,ssullivanga@tinypic.com,4221 Bayside Crossing,New York,NY,10034,6-(349)493-2395,10
320,Kathryn,Taylor,ktaylor8v@ehow.com,40 Eagan Circle,New York,NY,10032,8-(828)724-7964,2
515,Brandon,Taylor,btaylorea@networkadvertising.org,04 Colorado Point,New York,NY,10034,3-(285)446-4420,9
585,Kathleen,Taylor,ktaylorg8@ehow.com,63136 Pond Trail,New York,NY,10033,7-(103)318-0867,8
750,Joseph,Taylor,jtaylorkt@google.ru,98066 Dexter Road,New York,NY,10032,8-(510)482-6464,8
899,Rose,Taylor,rtayloroy@tuttocitta.it,3 Gerald Road,New York,NY,10040,0-(357)040-2306,8
70,Teresa,Thomas,tthomas1x@bloglovin.com,35540 Dunning Pass,New York,NY,10040,7-(904)329-8806,6
133,Steve,Thomas,sthomas3o@springer.com,0 Colorado Trail,New York,NY,10033,8-(078)604-8634,K
456,Tina,Thomas,tthomascn@state.tx.us,458 Hooker Pass,New York,NY,10033,1-(323)848-6625,9
335,Gregory,Thompson,gthompson9a@theglobeandmail.com,07793 Veith Point,New York,NY,10031,1-(806)615-1130,12
388,Craig,Torres,ctorresar@wordpress.com,77482 Fuller Lane,New York,NY,10040,5-(265)235-8194,3
707,Dennis,Torres,dtorresjm@answers.com,83 Hazelcrest Drive,New York,NY,10033,7-(814)829-6999,3
884,Jane,Torres,jtorresoj@g.co,075 Lighthouse Bay Park,New York,NY,10034,4-(626)791-5213,K
151,Irene,Tucker,itucker46@harvard.edu,9 Paget Drive,New York,NY,10032,8-(636)374-6855,3
480,Charles,Tucker,ctuckerdb@state.gov,58905 Transport Court,New York,NY,10033,6-(545)927-1359,7
584,Michael,Tucker,mtuckerg7@un.org,0 Blaine Hill,New York,NY,10032,4-(641)177-8537,5
603,Kathleen,Tucker,ktuckergq@ebay.co.uk,0 Green Lane,New York,NY,10033,7-(209)295-6029,2
604,Kevin,Tucker,ktuckergr@wsj.com,41299 Tony Terrace,New York,NY,10033,0-(675)979-0965,2
683,Bobby,Tucker,btuckeriy@dailymail.co.uk,9242 Carey Drive,New York,NY,10031,6-(681)817-5812,2
631,Lillian,Turner,lturnerhi@mozilla.com,95 Elgar Drive,New York,NY,10032,4-(534)664-2158,3
772,Scott,Turner,sturnerlf@youtu.be,92541 Loomis Way,New York,NY,10032,4-(209)095-6799,7
61,Lillian,Vasquez,lvasquez1o@amazonaws.com,84318 Village Hill,New York,NY,10040,1-(546)507-3122,3
214,Margaret,Vasquez,mvasquez5x@bravesites.com,55 Tony Parkway,New York,NY,10034,6-(443)369-1375,12
170,Ruth,Wagner,rwagner4p@mapquest.com,82 Fulton Park,New York,NY,10031,1-(547)240-7415,9
244,Robin,Wagner,rwagner6r@mtv.com,42576 Ridgeview Street,New York,NY,10033,9-(854)996-7868,2
317,Anthony,Wagner,awagner8s@comsenz.com,7 Spaight Park,New York,NY,10031,2-(122)912-8928,9
380,Stephen,Wagner,swagneraj@instagram.com,0 Upham Alley,New York,NY,10040,0-(319)760-7572,7
401,Julia,Wagner,jwagnerb4@ucsd.edu,7024 Buena Vista Street,New York,NY,10034,7-(756)500-5583,10
521,Antonio,Walker,awalkereg@ed.gov,70669 Talisman Center,New York,NY,10032,8-(835)072-1276,12
744,Johnny,Walker,jwalkerkn@shop-pro.jp,85016 Kennedy Plaza,New York,NY,10033,4-(903)555-1516,7
213,Jennifer,Wallace,jwallace5w@cnet.com,6241 Ridgeview Junction,New York,NY,10040,9-(081)271-7456,11
847,Jimmy,Wallace,jwallaceni@virginia.edu,9 Mallory Lane,New York,NY,10032,5-(603)544-1062,K
854,Karen,Wallace,kwallacenp@github.io,59 Northfield Street,New York,NY,10034,5-(838)545-1516,9
883,Earl,Wallace,ewallaceoi@imageshack.us,64703 Merchant Pass,New York,NY,10034,8-(277)892-3364,2
115,Bobby,Ward,bward36@omniture.com,80213 Del Mar Place,New York,NY,10034,9-(195)942-0398,1
706,Todd,Ward,twardjl@blogger.com,266 Nancy Pass,New York,NY,10031,2-(997)353-7150,1
784,Ruth,Ward,rwardlr@hugedomains.com,70145 John Wall Plaza,New York,NY,10033,8-(260)258-4164,1
868,Stephanie,Ward,swardo3@tuttocitta.it,38 Westend Drive,New York,NY,10033,0-(426)168-0702,2
889,Beverly,Ward,bwardoo@bizjournals.com,477 Arapahoe Park,New York,NY,10034,8-(421)346-3892,1
155,Thomas,Warren,twarren4a@icq.com,50 Walton Road,New York,NY,10031,4-(436)859-6109,7
274,Joshua,Warren,jwarren7l@time.com,84 Shasta Alley,New York,NY,10032,0-(286)696-4706,5
538,Donald,Warren,dwarrenex@bluehost.com,605 Johnson Point,New York,NY,10033,7-(437)405-9050,5
873,Annie,Warren,awarreno8@theguardian.com,783 Havey Park,New York,NY,10040,5-(576)654-4208,9
13,Howard,Washington,hwashingtonc@facebook.com,60 Monterey Junction,New York,NY,10034,5-(698)159-2922,1
84,Lois,Washington,lwashington2b@earthlink.net,4 Dunning Circle,New York,NY,10031,4-(050)524-7986,10
457,Phyllis,Washington,pwashingtonco@google.pl,11493 Chive Pass,New York,NY,10034,1-(028)924-2555,8
797,Rachel,Washington,rwashingtonm4@cpanel.net,790 Forest Dale Park,New York,NY,10033,0-(747)683-7814,7
390,Frank,Watkins,fwatkinsat@jigsy.com,99210 Bartillon Street,New York,NY,10033,0-(989)382-9712,1
411,Rebecca,Watkins,rwatkinsbe@icio.us,4674 Schiller Plaza,New York,NY,10031,2-(888)897-5567,3
648,Irene,Watkins,iwatkinshz@eepurl.com,9 Weeping Birch Way,New York,NY,10031,7-(766)217-1486,7
732,Jane,Watkins,jwatkinskb@bluehost.com,37834 Dakota Alley,New York,NY,10031,4-(698)344-0627,3
739,Annie,Watkins,awatkinski@blinklist.com,7 Boyd Park,New York,NY,10032,8-(550)862-7554,4
29,Juan,Watson,jwatsons@unesco.org,2 Burrows Street,New York,NY,10040,0-(542)283-9816,6
257,James,Watson,jwatson74@drupal.org,306 Lakeland Drive,New York,NY,10031,5-(067)442-7978,10
389,Louise,Watson,lwatsonas@ebay.co.uk,440 Springview Center,New York,NY,10032,2-(967)874-3134,6
783,Chris,Watson,cwatsonlq@webs.com,153 Basil Park,New York,NY,10040,9-(781)655-9216,12
229,Paula,Weaver,pweaver6c@buzzfeed.com,67 Daystar Parkway,New York,NY,10031,8-(072)095-9537,K
251,Donna,Weaver,dweaver6y@devhub.com,72574 Badeau Park,New York,NY,10032,3-(063)596-1428,12
316,Jack,Weaver,jweaver8r@sogou.com,5617 Scoville Pass,New York,NY,10031,8-(220)081-0114,10
450,Deborah,Weaver,dweaverch@nymag.com,497 Toban Court,New York,NY,10040,6-(660)722-7791,4
650,Steven,Weaver,sweaveri1@loc.gov,7836 Bultman Court,New York,NY,10034,5-(699)900-1028,5
789,Wanda,Weaver,wweaverlw@answers.com,09821 Superior Trail,New York,NY,10032,8-(226)975-9943,8
815,Ruby,Weaver,rweavermm@bing.com,1496 Lunder Hill,New York,NY,10031,5-(964)188-2867,12
816,Sean,Weaver,sweavermn@sitemeter.com,941 Clemons Road,New York,NY,10040,9-(717)731-6285,3
166,Arthur,Webb,awebb4l@plala.or.jp,1251 Troy Drive,New York,NY,10032,2-(527)556-0681,10
174,Ralph,Webb,rwebb4t@miibeian.gov.cn,90 Namekagon Drive,New York,NY,10034,2-(122)236-3417,11
645,Teresa,Webb,twebbhw@ow.ly,48 Everett Court,New York,NY,10031,5-(487)488-5755,12
711,Nicholas,Webb,nwebbjq@blogs.com,08272 Evergreen Avenue,New York,NY,10031,7-(264)850-3024,2
15,Lori,Welch,lwelche@wp.com,925 Ramsey Hill,New York,NY,10031,6-(338)125-0759,10
124,Aaron,Welch,awelch3f@gizmodo.com,22956 Transport Place,New York,NY,10032,7-(444)682-4182,10
611,Frank,Welch,fwelchgy@weebly.com,922 Chive Street,New York,NY,10040,3-(515)770-3862,5
755,Amy,Welch,awelchky@wix.com,72620 Daystar Avenue,New York,NY,10033,7-(293)208-6981,2
837,Jessica,Welch,jwelchn8@google.de,86868 Blackbird Drive,New York,NY,10040,3-(309)661-9909,11
119,Roger,Wells,rwells3a@shutterfly.com,95389 Bellgrove Drive,New York,NY,10032,5-(471)737-2652,12
141,Christopher,Wells,cwells3w@skype.com,87 Chinook Pass,New York,NY,10031,8-(976)285-0846,9
655,Gloria,Wells,gwellsi6@drupal.org,6635 Tennyson Crossing,New York,NY,10040,8-(895)138-8500,11
852,Albert,Wells,awellsnn@buzzfeed.com,7 Arkansas Center,New York,NY,10033,2-(693)601-6986,8
76,Anthony,West,awest23@shareasale.com,75908 Vermont Center,New York,NY,10033,3-(708)334-3606,3
181,Betty,West,bwest50@newsvine.com,0 Crest Line Point,New York,NY,10033,2-(810)865-2427,10
415,Dorothy,West,dwestbi@harvard.edu,624 Continental Crossing,New York,NY,10040,4-(192)823-3877,K
582,Matthew,West,mwestg5@jimdo.com,630 Sunfield Parkway,New York,NY,10033,8-(464)145-0311,11
374,Beverly,Wheeler,bwheelerad@japanpost.jp,16862 Fair Oaks Terrace,New York,NY,10033,6-(965)456-4641,7
651,Bonnie,Wheeler,bwheeleri2@odnoklassniki.ru,086 Debra Plaza,New York,NY,10031,0-(964)966-6217,5
395,Bruce,White,bwhiteay@jimdo.com,7877 Luster Junction,New York,NY,10034,2-(370)060-3173,3
597,Katherine,White,kwhitegk@shop-pro.jp,5119 Dayton Alley,New York,NY,10034,9-(190)209-3614,1
684,Theresa,White,twhiteiz@t-online.de,48 Kenwood Park,New York,NY,10033,3-(491)556-7957,2
814,Paula,White,pwhiteml@usnews.com,24 Shasta Trail,New York,NY,10034,5-(004)755-9259,3
284,Diane,Williams,dwilliams7v@nps.gov,9 Jana Circle,New York,NY,10031,4-(645)298-7133,5
463,Jean,Williams,jwilliamscu@cafepress.com,45 Pine View Place,New York,NY,10034,5-(558)264-8327,3
719,Willie,Williamson,wwilliamsonjy@histats.com,71 Mariners Cove Pass,New York,NY,10034,9-(378)280-1178,12
82,Christina,Willis,cwillis29@weebly.com,038 Killdeer Place,New York,NY,10031,8-(582)290-4916,4
237,Sarah,Willis,swillis6k@ebay.co.uk,1078 Coolidge Avenue,New York,NY,10032,8-(134)871-4557,3
406,Jane,Willis,jwillisb9@webeden.co.uk,1 Eliot Alley,New York,NY,10031,6-(375)458-8200,1
748,Paula,Willis,pwilliskr@noaa.gov,9218 Sloan Junction,New York,NY,10040,9-(907)622-5165,6
820,Karen,Willis,kwillismr@aol.com,855 Coleman Way,New York,NY,10033,5-(427)932-7525,9
299,George,Wilson,gwilson8a@bizjournals.com,72 Raven Court,New York,NY,10040,4-(435)910-0231,9
353,Sean,Wilson,swilson9s@marriott.com,0707 Melody Court,New York,NY,10033,6-(633)577-9656,12
628,Gary,Wilson,gwilsonhf@mozilla.com,83 Haas Pass,New York,NY,10032,1-(650)389-9522,5
811,Carol,Wilson,cwilsonmi@sphinn.com,0 Mendota Circle,New York,NY,10040,9-(662)151-8428,9
154,Emily,Wood,ewood49@goo.gl,7404 Bay Hill,New York,NY,10031,4-(198)072-7921,4
240,Samuel,Wood,swood6n@about.com,5522 Vermont Park,New York,NY,10031,7-(514)338-7877,K
2,Louise,Woods,lwoods1@twitter.com,2940 Monument Crossing,New York,NY,10033,6-(176)977-4329,10
234,Eugene,Woods,ewoods6h@springer.com,68181 Sauthoff Plaza,New York,NY,10032,7-(241)781-4815,6
471,Steve,Woods,swoodsd2@arstechnica.com,790 Shopko Road,New York,NY,10040,4-(809)504-6341,5
542,Wanda,Woods,wwoodsf1@npr.org,680 Graedel Crossing,New York,NY,10032,6-(312)005-9424,11
576,Gerald,Woods,gwoodsfz@un.org,9804 Bobwhite Place,New York,NY,10033,5-(445)715-0016,4
261,Pamela,Wright,pwright78@walmart.com,76697 Loftsgordon Place,New York,NY,10040,7-(799)467-4575,5
444,Stephen,Wright,swrightcb@cafepress.com,051 Cottonwood Plaza,New York,NY,10040,1-(363)886-8037,8
507,Catherine,Wright,cwrighte2@webnode.com,423 Darwin Point,New York,NY,10033,6-(127)006-4025,3
173,Billy,Young,byoung4s@google.com.hk,07 Loeprich Trail,New York,NY,10031,6-(184)854-2892,8
210,Gloria,Young,gyoung5t@economist.com,7 Springview Drive,New York,NY,10032,1-(974)389-5973,5
424,Lawrence,Young,lyoungbr@pbs.org,00 Commercial Hill,New York,NY,10040,9-(965)792-1686,2
549,Jimmy,Young,jyoungf8@census.gov,70018 Dunning Court,New York,NY,10034,4-(386)407-6176,11
