924,Norma,Banks,nbankspn@abc.net.au,59220 Summerview Alley,New York,NY,10040,1-(288)512-7938
932,John,Bennett,jbennettpv@jimdo.com,873 2nd Road,New York,NY,10034,1-(317)992-4040
922,Eric,Butler,ebutlerpl@odnoklassniki.ru,19 Sycamore Center,New York,NY,10033,6-(031)583-9550
912,Joseph,Clark,jclarkpb@columbia.edu,509 Kensington Trail,New York,NY,10040,2-(738)133-6029
952,John,Cole,jcoleqf@usda.gov,6084 Ramsey Point,New York,NY,10033,5-(764)185-6270
913,Catherine,Coleman,ccolemanpc@blogs.com,07325 Westerfield Place,New York,NY,10034,3-(414)354-3889
960,Kathryn,Coleman,kcolemanqn@forbes.com,4993 Johnson Point,New York,NY,10031,3-(861)032-6120
911,Diane,Cook,dcookpa@ca.gov,33412 Granby Junction,New York,NY,10040,5-(910)354-8919
934,Antonio,Cox,acoxpx@businessweek.com,015 Bultman Parkway,New York,NY,10033,4-(273)455-8725
917,Eugene,Cunningham,ecunninghampg@free.fr,717 Londonderry Point,New York,NY,10033,0-(070)568-0011
956,Robin,Fernandez,rfernandezqj@microsoft.com,14818 Mayer Center,New York,NY,10033,6-(357)807-6737
957,Helen,Flores,hfloresqk@wiley.com,17087 Alpine Center,New York,NY,10032,3-(388)892-7452
938,Keith,Franklin,kfranklinq1@trellian.com,53836 Fieldstone Hill,New York,NY,10032,9-(347)304-8983
959,Catherine,Fuller,cfullerqm@tinypic.com,824 Spohn Court,New York,NY,10033,3-(033)651-3082
936,Larry,Garrett,lgarrettpz@cloudflare.com,36 Melrose Circle,New York,NY,10032,8-(033)743-6720
948,Dorothy,Gonzales,dgonzalesqb@toplist.cz,9016 Arkansas Crossing,New York,NY,10031,1-(249)272-9681
903,Ruby,Gonzalez,rgonzalezp2@quantcast.com,6841 Parkside Circle,New York,NY,10034,2-(489)806-8492
946,Nicole,Gonzalez,ngonzalezq9@wunderground.com,5643 Oak Valley Lane,New York,NY,10032,7-(209)785-5803
910,Randy,Gordon,rgordonp9@indiatimes.com,96259 Harbort Street,New York,NY,10034,4-(849)522-6570
925,Wanda,Gordon,wgordonpo@europa.eu,7 Talisman Parkway,New York,NY,10032,7-(836)817-7713
939,Russell,Grant,rgrantq2@biblegateway.com,732 Northfield Point,New York,NY,10032,0-(334)177-9001
919,Willie,Griffin,wgriffinpi@biblegateway.com,516 Shoshone Road,New York,NY,10034,6-(215)772-9230
914,Rebecca,Hansen,rhansenpd@zdnet.com,49949 Hauk Plaza,New York,NY,10040,6-(958)950-1596
941,Melissa,Hawkins,mhawkinsq4@networkadvertising.org,25 Fulton Court,New York,NY,10031,7-(726)107-9011
945,Aaron,Hayes,ahayesq8@example.com,2632 Knutson Plaza,New York,NY,10034,2-(141)823-9038
927,Adam,Henry,ahenrypq@google.ca,5 Commercial Terrace,New York,NY,10040,4-(614)540-4821
954,Ann,Henry,ahenryqh@sphinn.com,16 Old Gate Trail,New York,NY,10032,7-(028)154-8054
929,Tina,Hunt,thuntps@nifty.com,1572 Karstens Way,New York,NY,10033,2-(172)511-7214
905,Deborah,Kelley,dkelleyp4@samsung.com,4 Ridgeway Crossing,New York,NY,10034,3-(427)094-2752
940,Ashley,Larson,alarsonq3@springer.com,5873 Division Circle,New York,NY,10040,0-(289)357-9175
928,Kathleen,Long,klongpr@hibu.com,8 Merchant Lane,New York,NY,10033,3-(855)079-3687
908,Karen,Lopez,klopezp7@exblog.jp,593 Old Shore Lane,New York,NY,10033,3-(399)478-7261
906,Joseph,Morris,jmorrisp5@usa.gov,23 Stephen Avenue,New York,NY,10031,6-(231)684-8202
942,Jacqueline,Nguyen,jnguyenq5@list-manage.com,43029 Gateway Lane,New York,NY,10031,5-(680)775-6082
951,Henry,Oliver,holiverqe@yelp.com,002 Ohio Court,New York,NY,10031,2-(616)654-7033
930,Anne,Payne,apaynept@washington.edu,804 Troy Hill,New York,NY,10032,7-(872)196-7625
931,Amy,Perkins,aperkinspu@photobucket.com,2237 Riverside Plaza,New York,NY,10034,8-(088)957-1730
943,Kelly,Perkins,kperkinsq6@devhub.com,5140 Summit Point,New York,NY,10031,2-(723)521-5114
907,Angela,Phillips,aphillipsp6@marketwatch.com,13 South Pass,New York,NY,10033,8-(733)137-0055
920,William,Porter,wporterpj@canalblog.com,9 Clove Circle,New York,NY,10033,1-(363)166-0914
902,Shawn,Powell,spowellp1@hhs.gov,92 Burning Wood Terrace,New York,NY,10031,5-(933)537-4010
950,Carlos,Ray,crayqd@trellian.com,4387 Lukken Road,New York,NY,10034,3-(305)735-0803
915,Shirley,Reed,sreedpe@economist.com,5728 Schmedeman Lane,New York,NY,10033,0-(822)738-6287
921,Paula,Reid,preidpk@1688.com,386 Monterey Hill,New York,NY,10032,6-(531)195-1222
901,Joyce,Robertson,jrobertsonp0@cbsnews.com,39 Oneill Court,New York,NY,10031,1-(181)155-1614
918,Wayne,Robinson,wrobinsonph@example.com,6 Riverside Point,New York,NY,10031,6-(171)580-5925
947,Justin,Ross,jrossqa@home.pl,672 Oakridge Crossing,New York,NY,10034,7-(351)141-1441
933,Kevin,Sanders,ksanderspw@homestead.com,4150 Leroy Circle,New York,NY,10034,1-(411)709-1319
923,Kathleen,Smith,ksmithpm@shop-pro.jp,52 Rockefeller Lane,New York,NY,10033,0-(731)784-1610
926,Theresa,Smith,tsmithpp@amazon.de,49528 Randy Junction,New York,NY,10034,6-(454)110-8664
935,Heather,Sullivan,hsullivanpy@springer.com,85 Lighthouse Bay Junction,New York,NY,10040,7-(387)458-9810
958,Fred,Taylor,ftaylorql@ted.com,0 Pankratz Point,New York,NY,10034,5-(362)135-3098
955,Henry,Turner,hturnerqi@amazon.com,9526 Shelley Center,New York,NY,10033,2-(531)515-7762
916,Matthew,Walker,mwalkerpf@toplist.cz,928 Commercial Court,New York,NY,10040,3-(548)638-5816
949,Benjamin,Watson,bwatsonqc@theatlantic.com,8 Scott Lane,New York,NY,10034,5-(711)825-1464
909,Wanda,Welch,wwelchp8@mail.ru,2560 Bellgrove Road,New York,NY,10033,8-(752)432-7320
937,Catherine,West,cwestq0@cornell.edu,36726 Porter Drive,New York,NY,10031,5-(524)050-6259
904,Jose,White,jwhitep3@utexas.edu,6966 Park Meadow Circle,New York,NY,10031,4-(650)588-0796
944,Tina,White,twhiteq7@jiathis.com,769 Prentice Road,New York,NY,10033,9-(849)920-1647
953,Jose,Williams,jwilliamsqg@slashdot.org,31252 Crescent Oaks Pass,New York,NY,10033,5-(264)186-2174
